"","ID","Description","GeneRatio","BgRatio","RichFactor","FoldEnrichment","zScore","pvalue","p.adjust","qvalue","geneID","Count"
"GO:0006091","GO:0006091","generation of precursor metabolites and energy","85/1031","205/5557",0.414634146341463,2.23484185375316,8.59772194241758,7.06747036432702e-15,1.10747260609004e-11,1.0110202342232e-11,"YJL052W/YMR145C/YIL045W/YPL262W/YMR118C/YCR012W/YFR015C/YLR446W/YNR001C/YLR174W/YOL126C/YLR044C/YGR256W/YOL086C/YJL116C/YGR248W/YMR002W/YJR048W/YKL152C/YLR164W/YER065C/YOR393W/YKL060C/YNL031C/YBR196C/YNL052W/YPL061W/YJR009C/YNL037C/YPL075W/YPL271W/YDR050C/YBL030C/YAL038W/YGL187C/YMR315W/YJR121W/YDL067C/YOR136W/YPR001W/YHR174W/YGR043C/YDR529C/YBR117C/YNL117W/YIL111W/YDR487C/YIL070C/YLR087C/YOR356W/YPR184W/YHR051W/YFR049W/YPR191W/YBR238C/YGR244C/YNL242W/YDL021W/YKL035W/YLR038C/YML070W/YJL200C/YLR395C/YLR134W/YNL241C/YOL136C/YOR095C/YBL021C/YGR240C/YOL045W/YDL085W/YIL099W/YKR058W/YLR304C/YNR034W/YIL024C/YER067W/YFL053W/YPL252C/YOR344C/YMR256C/YKL127W/YJR120W/YOR347C/YMR323W",85
"GO:0005975","GO:0005975","carbohydrate metabolic process","93/1031","249/5557",0.373493975903614,2.01309992637865,7.80620004696312,6.93269942993945e-13,5.43177000335756e-10,4.95870448699353e-10,"YKR097W/YNR073C/YLR377C/YNR071C/YJL052W/YMR145C/YJL034W/YIL045W/YIL155C/YOR047C/YIL053W/YCR012W/YFR015C/YLR446W/YNR001C/YNR067C/YMR305C/YLR174W/YOL126C/YLR044C/YGR256W/YOL086C/YDR074W/YGR248W/YPL201C/YKL152C/YER065C/YJR096W/YGL062W/YOR393W/YER062C/YKL060C/YHL032C/YBR196C/YPR026W/YIL162W/YJR009C/YPL075W/YOL059W/YHR043C/YLR189C/YDR050C/YDL022W/YAL038W/YBR299W/YCL018W/YPR001W/YHR174W/YGR189C/YEL070W/YML028W/YGR043C/YHR104W/YNL117W/YKL038W/YPR184W/YER003C/YGR143W/YMR215W/YNL242W/YDL021W/YKL035W/YLR286C/YFR042W/YML070W/YMR278W/YJR159W/YLR134W/YNL241C/YOL136C/YBR297W/YOR095C/YLR300W/YOL132W/YGR240C/YOL045W/YIL123W/YDL085W/YIL099W/YKR058W/YNR034W/YIL024C/YGL028C/YCL039W/YFL053W/YDL049C/YOR344C/YJR030C/YKL127W/YHR210C/YGR287C/YOR347C/YMR323W",93
"GO:0072521","GO:0072521","purine-containing compound metabolic process","74/1031","186/5557",0.397849462365591,2.14437387232356,7.57617514328762,5.13791012264467e-12,2.68370172072806e-09,2.44997187953477e-09,"YNL141W/YJL052W/YMR145C/YIL155C/YCR012W/YKL016C/YLR446W/YNR001C/YOR317W/YLR174W/YGR256W/YOL086C/YJL116C/YGR248W/YDR322C-A/YKL152C/YDL004W/YOR393W/YKL060C/YLR231C/YBR196C/YPL061W/YJR009C/YPL075W/YOL059W/YPL271W/YDR050C/YDL022W/YAL038W/YMR315W/YJR121W/YNL129W/YJL005W/YML075C/YHR174W/YDL238C/YGR043C/YPL078C/YMR207C/YBR117C/YLR295C/YIR028W/YDR226W/YML081C-A/YGR244C/YDL021W/YKR080W/YHR202W/YMR278W/YNL241C/YOL136C/YOR095C/YIR027C/YOR128C/YGR240C/YPR020W/YOR222W/YDL085W/YGL126W/YOR054C/YDR400W/YOL077W-A/YPL273W/YJR078W/YNR034W/YML022W/YOR344C/YDR319C/YJR019C/YGL234W/YOR347C/YMR323W/YBR252W/YER170W",74
"GO:0006163","GO:0006163","purine nucleotide metabolic process","59/1031","136/5557",0.433823529411765,2.3382709533862,7.54096593239029,1.20385982231514e-11,4.71612085391958e-09,4.30538289085864e-09,"YJL052W/YMR145C/YIL155C/YCR012W/YKL016C/YLR446W/YLR174W/YGR256W/YOL086C/YJL116C/YGR248W/YDR322C-A/YKL152C/YDL004W/YOR393W/YKL060C/YLR231C/YBR196C/YPL061W/YJR009C/YPL075W/YOL059W/YPL271W/YDR050C/YDL022W/YAL038W/YMR315W/YJR121W/YNL129W/YJL005W/YHR174W/YGR043C/YPL078C/YBR117C/YLR295C/YDR226W/YML081C-A/YDL021W/YKR080W/YHR202W/YNL241C/YOL136C/YOR095C/YOR128C/YGR240C/YPR020W/YOR222W/YDL085W/YDR400W/YOL077W-A/YJR078W/YNR034W/YML022W/YOR344C/YGL234W/YOR347C/YMR323W/YBR252W/YER170W",59
"GO:0046034","GO:0046034","ATP metabolic process","30/1031","49/5557",0.612244897959184,3.29994655476157,7.71741748640248,3.87178426053454e-11,1.21341718725152e-08,1.10773785475083e-08,"YJL052W/YCR012W/YKL016C/YLR446W/YJL116C/YDR322C-A/YKL152C/YDL004W/YOR393W/YKL060C/YBR196C/YJR009C/YPL075W/YPL271W/YDR050C/YAL038W/YJR121W/YHR174W/YPL078C/YLR295C/YDR226W/YML081C-A/YDL021W/YOL136C/YGR240C/YPR020W/YOL077W-A/YOR344C/YOR347C/YMR323W",30
"GO:0009144","GO:0009144","purine nucleoside triphosphate metabolic process","32/1031","56/5557",0.571428571428571,3.07995011777747,7.46585046404441,1.11638298457142e-10,2.91562022803903e-08,2.66169206321502e-08,"YJL052W/YCR012W/YKL016C/YLR446W/YJL116C/YDR322C-A/YKL152C/YDL004W/YOR393W/YKL060C/YBR196C/YJR009C/YPL075W/YPL271W/YDR050C/YAL038W/YJR121W/YHR174W/YPL078C/YLR295C/YDR226W/YML081C-A/YDL021W/YOL136C/YGR240C/YPR020W/YOL077W-A/YOR344C/YOR347C/YMR323W/YBR252W/YER170W",32
"GO:0002181","GO:0002181","cytoplasmic translation","67/1031","172/5557",0.38953488372093,2.09955901924075,6.99106099504208,1.64449413123216e-10,3.65844911973779e-08,3.33982625447463e-08,"YNCL0027W/YJR094W-A/YJL190C/YDR500C/YHR141C/YDL081C/YHR010W/YML063W/YGR085C/YER131W/YMR194W/YER074W/YPR043W/YGL076C/YML024W/YLR075W/YFR032C-A/YER117W/YOR312C/YIL052C/YDL130W/YDR471W/YIL148W/YML026C/YML091C/YNL096C/YKR094C/YGL031C/YGR148C/YDL075W/YLR264W/YNL178W/YPL079W/YDR447C/YPL119C/YDL191W/YEL054C/YGL147C/YBR191W/YFR031C-A/YNCL0014C/YPL249C-A/YLR287C-A/YOL120C/YNL069C/YOR096W/YGL103W/YNL067W/YPR102C/YOL045W/YLR448W/YER056C-A/YDL184C/YOR293W/YIL069C/YLR325C/YMR260C/YMR242C/YNL175C/YKL006W/YDL082W/YJR014W/YOL039W/YNCL0018W/YLR212C/YJL189W/YLR136C",67
"GO:0009205","GO:0009205","purine ribonucleoside triphosphate metabolic process","31/1031","54/5557",0.574074074074074,3.09420914610051,7.38023773723463,1.86774683841113e-10,3.65844911973779e-08,3.33982625447463e-08,"YJL052W/YCR012W/YKL016C/YLR446W/YJL116C/YDR322C-A/YKL152C/YDL004W/YOR393W/YKL060C/YBR196C/YJR009C/YPL075W/YPL271W/YDR050C/YAL038W/YJR121W/YHR174W/YPL078C/YLR295C/YDR226W/YML081C-A/YDL021W/YOL136C/YGR240C/YPR020W/YOL077W-A/YOR344C/YOR347C/YMR323W/YER170W",31
"GO:0072523","GO:0072523","purine-containing compound catabolic process","28/1031","46/5557",0.608695652173913,3.28081642980644,7.41322564474246,2.14223126818722e-10,3.72986266361041e-08,3.40502022627652e-08,"YNL141W/YJL052W/YCR012W/YLR446W/YNR001C/YKL152C/YOR393W/YKL060C/YBR196C/YJR009C/YPL075W/YDR050C/YAL038W/YHR174W/YDL238C/YDL021W/YHR202W/YMR278W/YOL136C/YIR027C/YGR240C/YGL126W/YDR400W/YOR344C/YDR319C/YOR347C/YMR323W/YBR252W",28
"GO:0046496","GO:0046496","nicotinamide nucleotide metabolic process","41/1031","85/5557",0.482352941176471,2.59984024647686,7.09359211665969,3.43753586764003e-10,5.38661870459193e-08,4.91748552012927e-08,"YJL052W/YMR145C/YIL155C/YCR012W/YLR446W/YLR174W/YGR256W/YOL086C/YGR248W/YKL152C/YOR393W/YKL060C/YLR231C/YBR196C/YPL061W/YJR009C/YPL075W/YOL059W/YDR050C/YDL022W/YAL038W/YMR315W/YNL129W/YHR174W/YGR043C/YNL200C/YBR117C/YDL021W/YHR202W/YNL241C/YOL136C/YOR095C/YGR240C/YOR222W/YDL085W/YDR400W/YJR078W/YNR034W/YOR344C/YOR347C/YMR323W",41
"GO:0019362","GO:0019362","pyridine nucleotide metabolic process","41/1031","86/5557",0.476744186046512,2.56960954593644,7.00100964404438,5.41732985513709e-10,7.71723262090892e-08,7.04512083553235e-08,"YJL052W/YMR145C/YIL155C/YCR012W/YLR446W/YLR174W/YGR256W/YOL086C/YGR248W/YKL152C/YOR393W/YKL060C/YLR231C/YBR196C/YPL061W/YJR009C/YPL075W/YOL059W/YDR050C/YDL022W/YAL038W/YMR315W/YNL129W/YHR174W/YGR043C/YNL200C/YBR117C/YDL021W/YHR202W/YNL241C/YOL136C/YOR095C/YGR240C/YOR222W/YDL085W/YDR400W/YJR078W/YNR034W/YOR344C/YOR347C/YMR323W",41
"GO:0016052","GO:0016052","carbohydrate catabolic process","41/1031","90/5557",0.455555555555556,2.45540467722815,6.64329687244095,3.02103262706409e-09,3.6959328819416e-07,3.37404546841678e-07,"YNR071C/YJL052W/YIL155C/YCR012W/YLR446W/YNR067C/YKL152C/YJR096W/YOR393W/YKL060C/YHL032C/YBR196C/YPR026W/YIL162W/YJR009C/YPL075W/YDR050C/YAL038W/YBR299W/YHR174W/YHR104W/YPR184W/YNL242W/YDL021W/YLR286C/YML070W/YJR159W/YOL136C/YLR300W/YGR240C/YIL123W/YIL099W/YIL024C/YFL053W/YOR344C/YJR030C/YKL127W/YHR210C/YGR287C/YOR347C/YMR323W",41
"GO:0072524","GO:0072524","pyridine-containing compound metabolic process","44/1031","100/5557",0.44,2.37156159068865,6.60528428664486,3.06618554341039e-09,3.6959328819416e-07,3.37404546841678e-07,"YJL052W/YMR145C/YIL155C/YOR047C/YCR012W/YLR446W/YLR174W/YGR256W/YOL086C/YGR248W/YKL152C/YOR393W/YKL060C/YLR231C/YBR196C/YPL061W/YJR009C/YPL075W/YOL059W/YDR050C/YDL022W/YAL038W/YMR315W/YNL129W/YHR174W/YGR043C/YNL200C/YBR117C/YDL021W/YHR202W/YNL241C/YOL136C/YOR095C/YGR240C/YFL059W/YOR222W/YDL085W/YDR400W/YJR078W/YNR034W/YOR344C/YNL334C/YOR347C/YMR323W",44
"GO:0009199","GO:0009199","ribonucleoside triphosphate metabolic process","31/1031","59/5557",0.525423728813559,2.8319880320242,6.75148716887339,3.63624667376701e-09,4.06999895556636e-07,3.71553325537546e-07,"YJL052W/YCR012W/YKL016C/YLR446W/YJL116C/YDR322C-A/YKL152C/YDL004W/YOR393W/YKL060C/YBR196C/YJR009C/YPL075W/YPL271W/YDR050C/YAL038W/YJR121W/YHR174W/YPL078C/YLR295C/YDR226W/YML081C-A/YDL021W/YOL136C/YGR240C/YPR020W/YOL077W-A/YOR344C/YOR347C/YMR323W/YER170W",31
"GO:0009141","GO:0009141","nucleoside triphosphate metabolic process","33/1031","66/5557",0.5,2.69495635305529,6.6108597158185,5.9084401232695e-09,6.17235044877554e-07,5.63478605440228e-07,"YJL052W/YCR012W/YKL016C/YLR446W/YJL116C/YDR322C-A/YKL152C/YDL004W/YOR393W/YKL060C/YBR196C/YJR009C/YPL075W/YPL271W/YDR050C/YAL038W/YJR121W/YHR174W/YPL078C/YLR295C/YDR226W/YML081C-A/YDL021W/YOL136C/YGR240C/YPR020W/YCR026C/YOL077W-A/YOR344C/YOR347C/YMR323W/YBR252W/YER170W",33
"GO:0055086","GO:0055086","nucleobase-containing small molecule metabolic process","84/1031","254/5557",0.330708661417323,1.78249081619405,6.09240085232935,1.04937935145809e-08,1.02773590233427e-06,9.38227985941806e-07,"YNL141W/YJL052W/YMR145C/YIL155C/YOR047C/YCR012W/YKL016C/YLR446W/YNR001C/YOR317W/YMR271C/YDL055C/YLR174W/YGR256W/YOL086C/YJL116C/YGR248W/YDR322C-A/YKL152C/YDL004W/YOR393W/YKL060C/YLR231C/YBR196C/YPL061W/YJR009C/YPL075W/YOL059W/YPL271W/YDR050C/YDL022W/YAL038W/YMR315W/YJR121W/YNL129W/YJL005W/YML075C/YHR174W/YDL238C/YER037W/YGR043C/YPL078C/YMR207C/YNL200C/YBR117C/YLR295C/YIR028W/YER003C/YDR226W/YML081C-A/YGR244C/YDL021W/YKR080W/YKL035W/YHR202W/YMR278W/YNL241C/YOL136C/YOR095C/YDL166C/YIR027C/YOR128C/YGR240C/YPR020W/YOR222W/YDL085W/YCR026C/YGL126W/YOR054C/YDR400W/YOL077W-A/YPL273W/YJR078W/YNR034W/YML022W/YOR344C/YDR319C/YJR019C/YGL234W/YKL127W/YOR347C/YMR323W/YBR252W/YER170W",84
"GO:0009150","GO:0009150","purine ribonucleotide metabolic process","35/1031","76/5557",0.460526315789474,2.48219664097197,6.20920353667798,3.11004956497565e-08,2.86673392253932e-06,2.6170633800631e-06,"YJL052W/YCR012W/YKL016C/YLR446W/YJL116C/YDR322C-A/YKL152C/YDL004W/YOR393W/YKL060C/YBR196C/YJR009C/YPL075W/YPL271W/YDR050C/YAL038W/YJR121W/YJL005W/YHR174W/YPL078C/YLR295C/YDR226W/YML081C-A/YDL021W/YOL136C/YOR128C/YGR240C/YPR020W/YOL077W-A/YML022W/YOR344C/YGL234W/YOR347C/YMR323W/YER170W",35
"GO:0009117","GO:0009117","nucleotide metabolic process","64/1031","181/5557",0.353591160220994,1.90582548724352,5.91299307063328,3.85795579539313e-08,3.35856485076724e-06,3.06605960581244e-06,"YNL141W/YJL052W/YMR145C/YIL155C/YCR012W/YKL016C/YLR446W/YMR271C/YLR174W/YGR256W/YOL086C/YJL116C/YGR248W/YDR322C-A/YKL152C/YDL004W/YOR393W/YKL060C/YLR231C/YBR196C/YPL061W/YJR009C/YPL075W/YOL059W/YPL271W/YDR050C/YDL022W/YAL038W/YMR315W/YJR121W/YNL129W/YJL005W/YHR174W/YER037W/YGR043C/YPL078C/YNL200C/YBR117C/YLR295C/YDR226W/YML081C-A/YDL021W/YKR080W/YHR202W/YNL241C/YOL136C/YOR095C/YDL166C/YOR128C/YGR240C/YPR020W/YOR222W/YDL085W/YDR400W/YOL077W-A/YJR078W/YNR034W/YML022W/YOR344C/YGL234W/YOR347C/YMR323W/YBR252W/YER170W",64
"GO:0043436","GO:0043436","oxoacid metabolic process","109/1031","366/5557",0.297814207650273,1.60519258187446,5.7169158629499,4.58183519366614e-08,3.43329517510658e-06,3.13428149193554e-06,"YGR087C/YPL095C/YJL052W/YPR002W/YKR009C/YDR089W/YKR034W/YPL262W/YGL055W/YPL111W/YCR012W/YAL012W/YLR446W/YNR001C/YOR317W/YEL071W/YLR174W/YLR303W/YOL126C/YLR044C/YGR256W/YMR250W/YOR375C/YKL152C/YER065C/YPR035W/YGR019W/YGL062W/YOL002C/YER052C/YOR393W/YKL060C/YLR231C/YPR167C/YBR196C/YPR006C/YPL061W/YKL001C/YJR009C/YNL037C/YPL075W/YLR142W/YMR170C/YHR205W/YOL058W/YDR050C/YAL038W/YBL015W/YCL018W/YOR136W/YOR391C/YPR001W/YMR272C/YGL205W/YHR174W/YER010C/YIL074C/YMR169C/YGR124W/YDR354W/YMR207C/YDR380W/YNL117W/YGL148W/YLR372W/YMR009W/YJR148W/YLL062C/YCL064C/YJR010W/YML054C/YFR049W/YER055C/YNL217W/YDL021W/YLR058C/YJL200C/YOR363C/YIR017C/YBR084W/YLR134W/YOL136C/YCR037C/YIL160C/YHR067W/YHR208W/YGR240C/YNL277W/YLR438W/YER061C/YPL017C/YGR286C/YCL026C-A/YPL273W/YJR078W/YJR137C/YKL188C/YFR055W/YOR344C/YGL009C/YNL229C/YJR019C/YOR100C/YAR035W/YDL219W/YHR137W/YCR034W/YOR347C/YMR323W",109
"GO:0006753","GO:0006753","nucleoside phosphate metabolic process","78/1031","237/5557",0.329113924050633,1.77389532099842,5.81103851792733,4.59631948957813e-08,3.43329517510658e-06,3.13428149193554e-06,"YNL141W/YJL052W/YMR145C/YIL155C/YCR012W/YKL016C/YLR446W/YNR001C/YOR317W/YMR271C/YDL055C/YLR174W/YGR256W/YOL086C/YJL116C/YGR248W/YDR322C-A/YKL152C/YDL004W/YOR393W/YKL060C/YLR231C/YBR196C/YPL061W/YJR009C/YPL075W/YOL059W/YPL271W/YDR050C/YDL022W/YAL038W/YMR315W/YJR121W/YNL129W/YJL005W/YML075C/YHR174W/YER037W/YGR043C/YPL078C/YMR207C/YNL200C/YBR117C/YLR295C/YER003C/YDR226W/YML081C-A/YGR244C/YDL021W/YKR080W/YKL035W/YHR202W/YNL241C/YOL136C/YOR095C/YDL166C/YOR128C/YGR240C/YPR020W/YOR222W/YDL085W/YCR026C/YGL126W/YOR054C/YDR400W/YOL077W-A/YJR078W/YNR034W/YML022W/YOR344C/YDR319C/YJR019C/YGL234W/YKL127W/YOR347C/YMR323W/YBR252W/YER170W",78
"GO:0046031","GO:0046031","ADP metabolic process","20/1031","32/5557",0.625,3.36869544131911,6.41314779431488,4.60109755438661e-08,3.43329517510658e-06,3.13428149193554e-06,"YJL052W/YCR012W/YLR446W/YKL152C/YOR393W/YKL060C/YBR196C/YJR009C/YPL075W/YDR050C/YAL038W/YHR174W/YDR226W/YDL021W/YOL136C/YGR240C/YOR344C/YOR347C/YMR323W/YER170W",20
"GO:0006082","GO:0006082","organic acid metabolic process","109/1031","368/5557",0.296195652173913,1.59646870914688,5.65096888205252,6.31325332233068e-08,4.49675816186008e-06,4.10512500719971e-06,"YGR087C/YPL095C/YJL052W/YPR002W/YKR009C/YDR089W/YKR034W/YPL262W/YGL055W/YPL111W/YCR012W/YAL012W/YLR446W/YNR001C/YOR317W/YEL071W/YLR174W/YLR303W/YOL126C/YLR044C/YGR256W/YMR250W/YOR375C/YKL152C/YER065C/YPR035W/YGR019W/YGL062W/YOL002C/YER052C/YOR393W/YKL060C/YLR231C/YPR167C/YBR196C/YPR006C/YPL061W/YKL001C/YJR009C/YNL037C/YPL075W/YLR142W/YMR170C/YHR205W/YOL058W/YDR050C/YAL038W/YBL015W/YCL018W/YOR136W/YOR391C/YPR001W/YMR272C/YGL205W/YHR174W/YER010C/YIL074C/YMR169C/YGR124W/YDR354W/YMR207C/YDR380W/YNL117W/YGL148W/YLR372W/YMR009W/YJR148W/YLL062C/YCL064C/YJR010W/YML054C/YFR049W/YER055C/YNL217W/YDL021W/YLR058C/YJL200C/YOR363C/YIR017C/YBR084W/YLR134W/YOL136C/YCR037C/YIL160C/YHR067W/YHR208W/YGR240C/YNL277W/YLR438W/YER061C/YPL017C/YGR286C/YCL026C-A/YPL273W/YJR078W/YJR137C/YKL188C/YFR055W/YOR344C/YGL009C/YNL229C/YJR019C/YOR100C/YAR035W/YDL219W/YHR137W/YCR034W/YOR347C/YMR323W",109
"GO:0032787","GO:0032787","monocarboxylic acid metabolic process","61/1031","172/5557",0.354651162790698,1.91153880856247,5.79561742343632,7.16125730705412e-08,4.87899573919731e-06,4.45407262255677e-06,"YPL095C/YJL052W/YPR002W/YKR009C/YGL055W/YCR012W/YLR446W/YOR317W/YEL071W/YLR174W/YLR044C/YGR256W/YKL152C/YER065C/YGR019W/YGL062W/YOL002C/YOR393W/YKL060C/YLR231C/YBR196C/YPR006C/YPL061W/YJR009C/YPL075W/YMR170C/YDR050C/YAL038W/YBL015W/YCL018W/YOR391C/YPR001W/YMR272C/YGL205W/YHR174W/YER010C/YMR169C/YMR207C/YNL117W/YLR372W/YML054C/YDL021W/YOR363C/YLR134W/YOL136C/YIL160C/YHR067W/YGR240C/YER061C/YPL017C/YGR286C/YCL026C-A/YKL188C/YFR055W/YOR344C/YJR019C/YOR100C/YAR035W/YCR034W/YOR347C/YMR323W",61
"GO:0019752","GO:0019752","carboxylic acid metabolic process","104/1031","349/5557",0.297994269340974,1.60616309866905,5.58238643003378,9.29463528809592e-08,5.73752543202595e-06,5.23783096236407e-06,"YGR087C/YPL095C/YJL052W/YPR002W/YKR009C/YPL262W/YGL055W/YPL111W/YCR012W/YAL012W/YLR446W/YNR001C/YOR317W/YEL071W/YLR174W/YLR303W/YOL126C/YLR044C/YGR256W/YMR250W/YOR375C/YKL152C/YER065C/YPR035W/YGR019W/YGL062W/YOL002C/YER052C/YOR393W/YKL060C/YLR231C/YPR167C/YBR196C/YPR006C/YPL061W/YKL001C/YJR009C/YNL037C/YPL075W/YLR142W/YMR170C/YHR205W/YOL058W/YDR050C/YAL038W/YBL015W/YCL018W/YOR136W/YOR391C/YPR001W/YMR272C/YGL205W/YHR174W/YER010C/YIL074C/YMR169C/YGR124W/YDR354W/YMR207C/YDR380W/YNL117W/YGL148W/YLR372W/YMR009W/YJR148W/YLL062C/YCL064C/YJR010W/YML054C/YFR049W/YER055C/YDL021W/YLR058C/YJL200C/YOR363C/YIR017C/YBR084W/YLR134W/YOL136C/YIL160C/YHR067W/YHR208W/YGR240C/YNL277W/YLR438W/YER061C/YPL017C/YGR286C/YCL026C-A/YPL273W/YJR078W/YJR137C/YKL188C/YFR055W/YOR344C/YGL009C/YJR019C/YOR100C/YAR035W/YDL219W/YHR137W/YCR034W/YOR347C/YMR323W",104
"GO:0009135","GO:0009135","purine nucleoside diphosphate metabolic process","20/1031","33/5557",0.606060606060606,3.26661376127913,6.23247912447152,9.65743163409095e-08,5.73752543202595e-06,5.23783096236407e-06,"YJL052W/YCR012W/YLR446W/YKL152C/YOR393W/YKL060C/YBR196C/YJR009C/YPL075W/YDR050C/YAL038W/YHR174W/YDR226W/YDL021W/YOL136C/YGR240C/YOR344C/YOR347C/YMR323W/YER170W",20
"GO:0009179","GO:0009179","purine ribonucleoside diphosphate metabolic process","20/1031","33/5557",0.606060606060606,3.26661376127913,6.23247912447152,9.65743163409095e-08,5.73752543202595e-06,5.23783096236407e-06,"YJL052W/YCR012W/YLR446W/YKL152C/YOR393W/YKL060C/YBR196C/YJR009C/YPL075W/YDR050C/YAL038W/YHR174W/YDR226W/YDL021W/YOL136C/YGR240C/YOR344C/YOR347C/YMR323W/YER170W",20
"GO:0015980","GO:0015980","energy derivation by oxidation of organic compounds","57/1031","158/5557",0.360759493670886,1.94446217878673,5.74790560458457,9.88597234618384e-08,5.73752543202595e-06,5.23783096236407e-06,"YMR145C/YIL045W/YPL262W/YMR118C/YFR015C/YNR001C/YLR174W/YOL126C/YLR044C/YOL086C/YJL116C/YMR002W/YJR048W/YLR164W/YER065C/YNL031C/YNL052W/YNL037C/YPL271W/YBL030C/YGL187C/YJR121W/YDL067C/YOR136W/YPR001W/YDR529C/YNL117W/YIL111W/YDR487C/YIL070C/YLR087C/YOR356W/YPR184W/YHR051W/YFR049W/YPR191W/YBR238C/YGR244C/YNL242W/YKL035W/YLR038C/YML070W/YJL200C/YLR395C/YLR134W/YBL021C/YOL045W/YDL085W/YIL099W/YKR058W/YLR304C/YIL024C/YER067W/YFL053W/YMR256C/YKL127W/YJR120W",57
"GO:0019364","GO:0019364","pyridine nucleotide catabolic process","19/1031","32/5557",0.59375,3.20026066925315,5.95711741230884,3.22060835132472e-07,1.80239045947351e-05,1.64541607122191e-05,"YJL052W/YCR012W/YLR446W/YKL152C/YOR393W/YKL060C/YBR196C/YJR009C/YPL075W/YDR050C/YAL038W/YHR174W/YDL021W/YHR202W/YOL136C/YGR240C/YOR344C/YOR347C/YMR323W",19
"GO:0006195","GO:0006195","purine nucleotide catabolic process","20/1031","35/5557",0.571428571428571,3.07995011777747,5.89103926009276,3.74254161347407e-07,1.95485423610462e-05,1.78460142200395e-05,"YJL052W/YCR012W/YLR446W/YKL152C/YOR393W/YKL060C/YBR196C/YJR009C/YPL075W/YDR050C/YAL038W/YHR174W/YDL021W/YHR202W/YOL136C/YGR240C/YOR344C/YOR347C/YMR323W/YBR252W",20
"GO:0009185","GO:0009185","ribonucleoside diphosphate metabolic process","20/1031","35/5557",0.571428571428571,3.07995011777747,5.89103926009276,3.74254161347407e-07,1.95485423610462e-05,1.78460142200395e-05,"YJL052W/YCR012W/YLR446W/YKL152C/YOR393W/YKL060C/YBR196C/YJR009C/YPL075W/YDR050C/YAL038W/YHR174W/YDR226W/YDL021W/YOL136C/YGR240C/YOR344C/YOR347C/YMR323W/YER170W",20
"GO:1901292","GO:1901292","nucleoside phosphate catabolic process","24/1031","47/5557",0.51063829787234,2.7522958499288,5.75749723807365,4.37175452595868e-07,2.20985140070234e-05,2.01739028888891e-05,"YJL052W/YCR012W/YLR446W/YNR001C/YKL152C/YOR393W/YKL060C/YBR196C/YJR009C/YPL075W/YDR050C/YAL038W/YHR174W/YER037W/YDL021W/YHR202W/YOL136C/YGR240C/YGL126W/YOR344C/YDR319C/YOR347C/YMR323W/YBR252W",24
"GO:0046434","GO:0046434","organophosphate catabolic process","29/1031","63/5557",0.46031746031746,2.48107092820963,5.64228450153899,4.83819103817169e-07,2.3204962962203e-05,2.11839886243468e-05,"YJL052W/YCR012W/YLR446W/YNR001C/YKL152C/YKR031C/YOR393W/YKL060C/YBR196C/YJR009C/YPL075W/YOL059W/YDR050C/YDL022W/YAL038W/YHR174W/YER037W/YDL021W/YHR202W/YOL136C/YPL206C/YGR240C/YGL126W/YCR068W/YOR344C/YDR319C/YOR347C/YMR323W/YBR252W",29
"GO:0006096","GO:0006096","glycolytic process","18/1031","30/5557",0.6,3.23394762366634,5.85520436645513,5.33106998493495e-07,2.3204962962203e-05,2.11839886243468e-05,"YJL052W/YCR012W/YLR446W/YKL152C/YOR393W/YKL060C/YBR196C/YJR009C/YPL075W/YDR050C/YAL038W/YHR174W/YDL021W/YOL136C/YGR240C/YOR344C/YOR347C/YMR323W",18
"GO:0009137","GO:0009137","purine nucleoside diphosphate catabolic process","18/1031","30/5557",0.6,3.23394762366634,5.85520436645513,5.33106998493495e-07,2.3204962962203e-05,2.11839886243468e-05,"YJL052W/YCR012W/YLR446W/YKL152C/YOR393W/YKL060C/YBR196C/YJR009C/YPL075W/YDR050C/YAL038W/YHR174W/YDL021W/YOL136C/YGR240C/YOR344C/YOR347C/YMR323W",18
"GO:0009181","GO:0009181","purine ribonucleoside diphosphate catabolic process","18/1031","30/5557",0.6,3.23394762366634,5.85520436645513,5.33106998493495e-07,2.3204962962203e-05,2.11839886243468e-05,"YJL052W/YCR012W/YLR446W/YKL152C/YOR393W/YKL060C/YBR196C/YJR009C/YPL075W/YDR050C/YAL038W/YHR174W/YDL021W/YOL136C/YGR240C/YOR344C/YOR347C/YMR323W",18
"GO:0046032","GO:0046032","ADP catabolic process","18/1031","30/5557",0.6,3.23394762366634,5.85520436645513,5.33106998493495e-07,2.3204962962203e-05,2.11839886243468e-05,"YJL052W/YCR012W/YLR446W/YKL152C/YOR393W/YKL060C/YBR196C/YJR009C/YPL075W/YDR050C/YAL038W/YHR174W/YDL021W/YOL136C/YGR240C/YOR344C/YOR347C/YMR323W",18
"GO:0019318","GO:0019318","hexose metabolic process","32/1031","74/5557",0.432432432432432,2.33077306210187,5.50001551323734,7.19882152247464e-07,3.04033368623779e-05,2.77554393551013e-05,"YKR097W/YLR377C/YNR071C/YJL052W/YMR145C/YOR047C/YCR012W/YLR446W/YOL126C/YLR044C/YOL086C/YKL152C/YGL062W/YKL060C/YBR196C/YJR009C/YHR043C/YDR050C/YML028W/YHR104W/YKL038W/YMR278W/YJR159W/YLR134W/YNL241C/YOL136C/YGR240C/YDL085W/YCL039W/YJR030C/YKL127W/YHR210C",32
"GO:0009166","GO:0009166","nucleotide catabolic process","21/1031","39/5557",0.538461538461538,2.90226068790569,5.689376370379,7.37285769476936e-07,3.04033368623779e-05,2.77554393551013e-05,"YJL052W/YCR012W/YLR446W/YKL152C/YOR393W/YKL060C/YBR196C/YJR009C/YPL075W/YDR050C/YAL038W/YHR174W/YER037W/YDL021W/YHR202W/YOL136C/YGR240C/YOR344C/YOR347C/YMR323W/YBR252W",21
"GO:0006006","GO:0006006","glucose metabolic process","28/1031","61/5557",0.459016393442623,2.47405829132944,5.52470877344627,8.19590840332638e-07,3.29307396615703e-05,3.00627247506628e-05,"YKR097W/YLR377C/YNR071C/YJL052W/YMR145C/YOR047C/YCR012W/YLR446W/YOL126C/YLR044C/YOL086C/YKL152C/YGL062W/YKL060C/YBR196C/YJR009C/YHR043C/YDR050C/YML028W/YKL038W/YMR278W/YLR134W/YNL241C/YGR240C/YDL085W/YCL039W/YKL127W/YHR210C",28
"GO:0044282","GO:0044282","small molecule catabolic process","47/1031","129/5557",0.364341085271318,1.96376664486199,5.28566949287415,9.61796733329747e-07,3.76783870281928e-05,3.43968884367139e-05,"YGR087C/YPL095C/YNR071C/YKR009C/YIL155C/YPL111W/YLR044C/YMR250W/YJR096W/YGR019W/YHL032C/YLR231C/YOL055C/YPR006C/YPL061W/YLR142W/YDR050C/YDL168W/YOR391C/YPR001W/YGL205W/YER010C/YHR104W/YDR380W/YJR148W/YCL064C/YML070W/YMR278W/YJR159W/YOR363C/YLR134W/YIL160C/YBR208C/YHR208W/YGR240C/YLR438W/YDR400W/YJR078W/YKL188C/YFR055W/YFL053W/YJR019C/YJR030C/YKL127W/YDL219W/YHR210C/YHR137W",47
"GO:0009191","GO:0009191","ribonucleoside diphosphate catabolic process","18/1031","31/5557",0.580645161290323,3.12962673258033,5.6745584365014,1.05226959963592e-06,4.02172307958413e-05,3.67146183801084e-05,"YJL052W/YCR012W/YLR446W/YKL152C/YOR393W/YKL060C/YBR196C/YJR009C/YPL075W/YDR050C/YAL038W/YHR174W/YDL021W/YOL136C/YGR240C/YOR344C/YOR347C/YMR323W",18
"GO:0072526","GO:0072526","pyridine-containing compound catabolic process","19/1031","34/5557",0.558823529411765,3.01201004165003,5.61610549523483,1.17797892358811e-06,4.39498326967279e-05,4.01221392770989e-05,"YJL052W/YCR012W/YLR446W/YKL152C/YOR393W/YKL060C/YBR196C/YJR009C/YPL075W/YDR050C/YAL038W/YHR174W/YDL021W/YHR202W/YOL136C/YGR240C/YOR344C/YOR347C/YMR323W",19
"GO:0006090","GO:0006090","pyruvate metabolic process","23/1031","46/5557",0.5,2.69495635305529,5.50903340531222,1.2333606987537e-06,4.49459584871408e-05,4.10315101494806e-05,"YJL052W/YCR012W/YLR446W/YLR044C/YKL152C/YGL062W/YOR393W/YKL060C/YBR196C/YJR009C/YPL075W/YDR050C/YAL038W/YHR174W/YDL021W/YLR134W/YOL136C/YGR240C/YPL017C/YFR055W/YOR344C/YOR347C/YMR323W",23
"GO:0005996","GO:0005996","monosaccharide metabolic process","34/1031","83/5557",0.409638554216867,2.20791604828626,5.2914729130981,1.49359058577045e-06,5.31921919977794e-05,4.85595599536373e-05,"YKR097W/YLR377C/YNR071C/YJL052W/YMR145C/YOR047C/YCR012W/YLR446W/YOL126C/YLR044C/YOL086C/YKL152C/YJR096W/YGL062W/YKL060C/YBR196C/YJR009C/YHR043C/YDR050C/YML028W/YHR104W/YKL038W/YMR278W/YJR159W/YLR134W/YNL241C/YOL136C/YOR095C/YGR240C/YDL085W/YCL039W/YJR030C/YKL127W/YHR210C",34
"GO:0009060","GO:0009060","aerobic respiration","35/1031","87/5557",0.402298850574713,2.16835568636632,5.24196619766374,1.73770276498017e-06,5.91952224505201e-05,5.403977248531e-05,"YPL262W/YMR118C/YNR001C/YLR174W/YOL126C/YJL116C/YMR002W/YJR048W/YLR164W/YER065C/YNL031C/YNL052W/YNL037C/YPL271W/YBL030C/YGL187C/YJR121W/YDL067C/YOR136W/YPR001W/YDR529C/YNL117W/YIL111W/YDR487C/YIL070C/YHR051W/YFR049W/YPR191W/YBR238C/YGR244C/YLR038C/YJL200C/YLR395C/YLR304C/YMR256C",35
"GO:1902600","GO:1902600","proton transmembrane transport","35/1031","87/5557",0.402298850574713,2.16835568636632,5.24196619766374,1.73770276498017e-06,5.91952224505201e-05,5.403977248531e-05,"YHR094C/YNR072W/YDR536W/YDR345C/YEL069C/YHR092C/YKL016C/YDR322C-A/YDL004W/YNL052W/YPL271W/YGL187C/YJR121W/YDL067C/YKL217W/YDR529C/YPL078C/YIL111W/YLR295C/YHR051W/YHR096C/YPR191W/YML081C-A/YLR038C/YLR395C/YDL138W/YGL008C/YPR020W/YDR342C/YOL077W-A/YMR256C/YPL036W/YLR136C/YJL214W/YDR343C",35
"GO:0055085","GO:0055085","transmembrane transport","122/1031","449/5557",0.271714922048998,1.46451971079174,4.89953708861714,1.80844009697247e-06,6.02941623820397e-05,5.50430031754892e-05,"YHR094C/YNR072W/YOR273C/YDL210W/YMR319C/YDR406W/YLR004C/YJL212C/YJL034W/YDR536W/YDR345C/YHL028W/YGR125W/YOR092W/YCL025C/YJR095W/YEL069C/YHR092C/YOR348C/YKL016C/YOR161C/YOL126C/YCR011C/YOR020C/YBR068C/YBR294W/YDR322C-A/YER103W/YLR237W/YCR098C/YDL004W/YNL052W/YPR124W/YPL271W/YBL030C/YDL022W/YJR045C/YGL187C/YJR121W/YDL067C/YKL217W/YLR152C/YPR115W/YPL265W/YDR529C/YGR243W/YPL078C/YJL163C/YMR241W/YKL073W/YLR259C/YGR191W/YER053C/YIL111W/YOR306C/YLR295C/YIR028W/YOR045W/YHR051W/YHR096C/YJL193W/YOL075C/YGR260W/YLR378C/YBR091C/YMR088C/YDR046C/YAL067C/YER145C/YPR191W/YKR093W/YKL197C/YML081C-A/YNL101W/YLR038C/YBR235W/YNL065W/YLR395C/YGR239C/YBR043C/YHR160C/YCR037C/YEL063C/YJR077C/YDL138W/YMR279C/YMR203W/YMR058W/YMR155W/YGL008C/YPR020W/YOL130W/YDR135C/YOR222W/YER119C/YLR008C/YNL142W/YDR342C/YOR390W/YDR508C/YNR002C/YOL077W-A/YOR153W/YGR121C/YML055W/YKL188C/YPL244C/YGR224W/YGL114W/YOR100C/YOR071C/YMR256C/YDR338C/YPL036W/YMR221C/YLR136C/YHL036W/YGL080W/YGR055W/YPL098C/YJL214W/YDR343C",122
"GO:0009259","GO:0009259","ribonucleotide metabolic process","36/1031","91/5557",0.395604395604396,2.13227315846133,5.1974494121775,1.98675774385701e-06,6.24013698405678e-05,5.69666890224913e-05,"YJL052W/YCR012W/YKL016C/YLR446W/YMR271C/YJL116C/YDR322C-A/YKL152C/YDL004W/YOR393W/YKL060C/YBR196C/YJR009C/YPL075W/YPL271W/YDR050C/YAL038W/YJR121W/YJL005W/YHR174W/YPL078C/YLR295C/YDR226W/YML081C-A/YDL021W/YOL136C/YOR128C/YGR240C/YPR020W/YOL077W-A/YML022W/YOR344C/YGL234W/YOR347C/YMR323W/YER170W",36
"GO:0009134","GO:0009134","nucleoside diphosphate catabolic process","18/1031","32/5557",0.5625,3.0318258971872,5.50108703030281,1.9911094397118e-06,6.24013698405678e-05,5.69666890224913e-05,"YJL052W/YCR012W/YLR446W/YKL152C/YOR393W/YKL060C/YBR196C/YJR009C/YPL075W/YDR050C/YAL038W/YHR174W/YDL021W/YOL136C/YGR240C/YOR344C/YOR347C/YMR323W",18
"GO:0009154","GO:0009154","purine ribonucleotide catabolic process","18/1031","32/5557",0.5625,3.0318258971872,5.50108703030281,1.9911094397118e-06,6.24013698405678e-05,5.69666890224913e-05,"YJL052W/YCR012W/YLR446W/YKL152C/YOR393W/YKL060C/YBR196C/YJR009C/YPL075W/YDR050C/YAL038W/YHR174W/YDL021W/YOL136C/YGR240C/YOR344C/YOR347C/YMR323W",18
"GO:0009132","GO:0009132","nucleoside diphosphate metabolic process","20/1031","38/5557",0.526315789473684,2.83679616111083,5.42220259719009,2.18972973213662e-06,6.72805194168251e-05,6.14209020840797e-05,"YJL052W/YCR012W/YLR446W/YKL152C/YOR393W/YKL060C/YBR196C/YJR009C/YPL075W/YDR050C/YAL038W/YHR174W/YDR226W/YDL021W/YOL136C/YGR240C/YOR344C/YOR347C/YMR323W/YER170W",20
"GO:1901136","GO:1901136","carbohydrate derivative catabolic process","25/1031","54/5557",0.462962962962963,2.49532995653267,5.26971749472541,2.6253222741189e-06,7.9113076991237e-05,7.22229346260646e-05,"YJL052W/YCR012W/YLR446W/YKL152C/YOR393W/YKL060C/YBR196C/YJR009C/YPL075W/YOL059W/YDR050C/YDL022W/YAL038W/YHR174W/YCL043C/YDL021W/YLR286C/YMR278W/YOL136C/YGR240C/YDR400W/YOR344C/YOR347C/YMR323W/YBR252W",25
"GO:0045333","GO:0045333","cellular respiration","38/1031","100/5557",0.38,2.04816682832202,5.0478519724525,3.30597706704171e-06,9.77446427180069e-05,8.92318338452769e-05,"YPL262W/YMR118C/YNR001C/YLR174W/YOL126C/YJL116C/YMR002W/YJR048W/YLR164W/YER065C/YNL031C/YNL052W/YNL037C/YPL271W/YBL030C/YGL187C/YJR121W/YDL067C/YOR136W/YPR001W/YDR529C/YNL117W/YIL111W/YDR487C/YIL070C/YOR356W/YHR051W/YFR049W/YPR191W/YBR238C/YGR244C/YLR038C/YJL200C/YLR395C/YBL021C/YLR304C/YMR256C/YJR120W",38
"GO:0009261","GO:0009261","ribonucleotide catabolic process","18/1031","33/5557",0.545454545454545,2.93995238515122,5.33426247977092,3.62674686317504e-06,0.000105242821011024,9.60769783051634e-05,"YJL052W/YCR012W/YLR446W/YKL152C/YOR393W/YKL060C/YBR196C/YJR009C/YPL075W/YDR050C/YAL038W/YHR174W/YDL021W/YOL136C/YGR240C/YOR344C/YOR347C/YMR323W",18
"GO:0019400","GO:0019400","alditol metabolic process","12/1031","18/5557",0.666666666666667,3.59327513740705,5.25923216291699,9.638777244578e-06,0.000274016341632439,0.000250151619439415,"YNR073C/YIL155C/YIL053W/YPL201C/YER062C/YHL032C/YOL059W/YDR050C/YEL070W/YML070W/YJR159W/YFL053W",12
"GO:0006066","GO:0006066","alcohol metabolic process","44/1031","127/5557",0.346456692913386,1.86737133125091,4.71911092320833,9.79254315980637e-06,0.000274016341632439,0.000250151619439415,"YGR087C/YCR105W/YNR073C/YMR145C/YIL155C/YIL053W/YLR174W/YLR044C/YAL060W/YOL086C/YPL201C/YAL061W/YML087C/YER062C/YHL032C/YOL055C/YPL061W/YNL037C/YOL059W/YGR144W/YDR050C/YDL168W/YOR136W/YML075C/YGR060W/YEL070W/YDR380W/YNR019W/YBR240C/YGR175C/YML070W/YHR079C/YJR159W/YLR134W/YFL059W/YGL001C/YGL012W/YDL085W/YMR015C/YPR121W/YFL053W/YLR228C/YMR070W/YMR134W",44
"GO:0046942","GO:0046942","carboxylic acid transport","30/1031","75/5557",0.4,2.15596508244423,4.81015430421531,1.09105895073262e-05,0.000299945504525968,0.000273822551070292,"YDL210W/YCL025C/YJR095W/YOR348C/YOR317W/YBR068C/YJL079C/YKL217W/YPL265W/YGR243W/YMR241W/YKR013W/YGR191W/YJL193W/YGR260W/YAL067C/YNL101W/YNL065W/YBR043C/YEL062W/YEL063C/YDR135C/YOR222W/YER119C/YDR508C/YNR002C/YKL188C/YHL036W/YGL080W/YGR055W",30
"GO:0045229","GO:0045229","external encapsulating structure organization","63/1031","205/5557",0.307317073170732,1.65641219748764,4.5703419725018,1.22676180216961e-05,0.000325819617627082,0.000297443227323551,"YOR247W/YHL028W/YOR092W/YKL165C/YJL158C/YNR067C/YMR305C/YKR076W/YJL116C/YJL159W/YCR032W/YBR162C/YKL164C/YJR151C/YLR436C/YKL096W-A/YMR176W/YDR077W/YJR066W/YGR189C/YDR293C/YGR225W/YDL239C/YBL105C/YER124C/YKL096W/YBR067C/YHR102W/YGR143W/YMR215W/YBL043W/YKL129C/YLR286C/YFR042W/YHR079C/YBR043C/YOR009W/YDR144C/YLR300W/YGR023W/YOL132W/YOL109W/YOR010C/YLR425W/YNL194C/YER033C/YNL006W/YDR273W/YLR194C/YOR113W/YIL123W/YCR089W/YER011W/YLR390W/YKR019C/YJR150C/YGL028C/YDL049C/YCR045C/YHR139C/YHR021W-A/YNL128W/YBR076W",63
"GO:0071555","GO:0071555","cell wall organization","63/1031","205/5557",0.307317073170732,1.65641219748764,4.5703419725018,1.22676180216961e-05,0.000325819617627082,0.000297443227323551,"YOR247W/YHL028W/YOR092W/YKL165C/YJL158C/YNR067C/YMR305C/YKR076W/YJL116C/YJL159W/YCR032W/YBR162C/YKL164C/YJR151C/YLR436C/YKL096W-A/YMR176W/YDR077W/YJR066W/YGR189C/YDR293C/YGR225W/YDL239C/YBL105C/YER124C/YKL096W/YBR067C/YHR102W/YGR143W/YMR215W/YBL043W/YKL129C/YLR286C/YFR042W/YHR079C/YBR043C/YOR009W/YDR144C/YLR300W/YGR023W/YOL132W/YOL109W/YOR010C/YLR425W/YNL194C/YER033C/YNL006W/YDR273W/YLR194C/YOR113W/YIL123W/YCR089W/YER011W/YLR390W/YKR019C/YJR150C/YGL028C/YDL049C/YCR045C/YHR139C/YHR021W-A/YNL128W/YBR076W",63
"GO:0019693","GO:0019693","ribose phosphate metabolic process","36/1031","98/5557",0.36734693877551,1.97996793285695,4.67112545701831,1.45581271420865e-05,0.000380209753860826,0.000347096399756062,"YJL052W/YCR012W/YKL016C/YLR446W/YMR271C/YJL116C/YDR322C-A/YKL152C/YDL004W/YOR393W/YKL060C/YBR196C/YJR009C/YPL075W/YPL271W/YDR050C/YAL038W/YJR121W/YJL005W/YHR174W/YPL078C/YLR295C/YDR226W/YML081C-A/YDL021W/YOL136C/YOR128C/YGR240C/YPR020W/YOL077W-A/YML022W/YOR344C/YGL234W/YOR347C/YMR323W/YER170W",36
"GO:0044283","GO:0044283","small molecule biosynthetic process","94/1031","341/5557",0.275659824046921,1.4857823881947,4.41878977225136,1.63008445788322e-05,0.000418744646803772,0.00038227519901006,"YGR087C/YKR097W/YPL095C/YLR377C/YJL052W/YOR047C/YGL055W/YIL053W/YCR012W/YAL012W/YEL071W/YMR271C/YLR303W/YOL126C/YLR044C/YAL060W/YOL086C/YPL201C/YAL061W/YML087C/YOR375C/YKL152C/YPR035W/YGL062W/YER052C/YER062C/YKL060C/YLR231C/YPR167C/YBR196C/YOL055C/YPL061W/YKL001C/YJR009C/YNL037C/YMR170C/YGR144W/YOL058W/YDR050C/YDL168W/YCL018W/YOR136W/YOR391C/YML075C/YMR272C/YGR060W/YML028W/YIL074C/YMR169C/YGR124W/YDR354W/YMR207C/YDR380W/YGL148W/YDR487C/YLR372W/YBR240C/YMR009W/YJR148W/YLL062C/YER055C/YGR175C/YLR058C/YJL200C/YMR278W/YIR017C/YBR084W/YLR134W/YOR095C/YBR256C/YHR067W/YHR208W/YNL277W/YLR438W/YER061C/YFL059W/YGL001C/YGL012W/YMR015C/YPR121W/YGR286C/YPL273W/YJR137C/YML022W/YCL039W/YFR055W/YPL252C/YLR228C/YGL009C/YMR070W/YMR134W/YHR137W/YNL334C/YCR034W",94
"GO:0015849","GO:0015849","organic acid transport","30/1031","77/5557",0.38961038961039,2.09996598939373,4.63860633552332,2.0139715370543e-05,0.00050901506428453,0.000464683755323734,"YDL210W/YCL025C/YJR095W/YOR348C/YOR317W/YBR068C/YJL079C/YKL217W/YPL265W/YGR243W/YMR241W/YKR013W/YGR191W/YJL193W/YGR260W/YAL067C/YNL101W/YNL065W/YBR043C/YEL062W/YEL063C/YDR135C/YOR222W/YER119C/YDR508C/YNR002C/YKL188C/YHL036W/YGL080W/YGR055W",30
"GO:0006754","GO:0006754","ATP biosynthetic process","11/1031","17/5557",0.647058823529412,3.48759057454214,4.90232000890838,3.5225059461576e-05,0.000862463565254524,0.000787349602109897,"YKL016C/YJL116C/YDR322C-A/YDL004W/YPL271W/YJR121W/YPL078C/YLR295C/YML081C-A/YPR020W/YOL077W-A",11
"GO:0015986","GO:0015986","proton motive force-driven ATP synthesis","11/1031","17/5557",0.647058823529412,3.48759057454214,4.90232000890838,3.5225059461576e-05,0.000862463565254524,0.000787349602109897,"YKL016C/YJL116C/YDR322C-A/YDL004W/YPL271W/YJR121W/YPL078C/YLR295C/YML081C-A/YPR020W/YOL077W-A",11
"GO:0071554","GO:0071554","cell wall organization or biogenesis","69/1031","242/5557",0.285123966942149,1.53679329223814,4.07489389902935,7.30903408956628e-05,0.00176203944897698,0.00160857932432722,"YJL034W/YOR247W/YHL028W/YOR092W/YKL165C/YJL158C/YNR067C/YMR305C/YDL055C/YKR076W/YJL116C/YJL159W/YCR032W/YIL119C/YBR162C/YKL164C/YJR151C/YLR436C/YKL096W-A/YMR176W/YDR077W/YJR066W/YGR189C/YDR293C/YGR225W/YDL239C/YBL105C/YER124C/YKL096W/YBR067C/YHR102W/YER003C/YGR143W/YMR215W/YBL043W/YER075C/YKL129C/YKR061W/YLR286C/YFR042W/YHR079C/YBR043C/YOR009W/YDR144C/YLR300W/YGR023W/YOL132W/YOL109W/YOR010C/YLR425W/YNL194C/YER033C/YNL006W/YDR273W/YLR194C/YOR113W/YIL123W/YCR089W/YER011W/YLR390W/YKR019C/YJR150C/YGL028C/YDL049C/YCR045C/YHR139C/YHR021W-A/YNL128W/YBR076W",69
"GO:0015761","GO:0015761","mannose transmembrane transport","9/1031","13/5557",0.692307692307692,3.73147802730732,4.70555607325467,8.7853397644595e-05,0.00208585263801637,0.00190419086760773,"YHR094C/YNR072W/YDR345C/YEL069C/YHR092C/YHR096C/YDR342C/YJL214W/YDR343C",9
"GO:0006099","GO:0006099","tricarboxylic acid cycle","15/1031","30/5557",0.5,2.69495635305529,4.44250157623321,9.10146396297216e-05,0.00212865582536976,0.00194326622555839,"YPL262W/YMR118C/YNR001C/YLR174W/YOL126C/YLR164W/YER065C/YNL037C/YOR136W/YPR001W/YNL117W/YFR049W/YGR244C/YJL200C/YLR304C",15
"GO:1905039","GO:1905039","carboxylic acid transmembrane transport","19/1031","43/5557",0.441860465116279,2.38158933525816,4.34043238747512,9.28606476252133e-05,0.00213989168865749,0.0019535235313106,"YCL025C/YJR095W/YOR348C/YKL217W/YGR243W/YMR241W/YGR191W/YJL193W/YGR260W/YNL101W/YEL063C/YOR222W/YER119C/YDR508C/YNR002C/YKL188C/YHL036W/YGL080W/YGR055W",19
"GO:0006123","GO:0006123","mitochondrial electron transport, cytochrome c to oxygen","8/1031","11/5557",0.727272727272727,3.91993651353496,4.62629151405206,0.0001326183611529,0.00299303896298477,0.0027323682199955,"YJR048W/YNL052W/YGL187C/YDL067C/YIL111W/YHR051W/YLR395C/YMR256C",8
"GO:0006119","GO:0006119","oxidative phosphorylation","16/1031","34/5557",0.470588235294118,2.53642950875792,4.28862184012757,0.00013370308066939,0.00299303896298477,0.0027323682199955,"YMR118C/YJL116C/YJR048W/YLR164W/YNL052W/YPL271W/YGL187C/YJR121W/YDL067C/YDR529C/YIL111W/YHR051W/YPR191W/YLR038C/YLR395C/YMR256C",16
"GO:0098662","GO:0098662","inorganic cation transmembrane transport","46/1031","148/5557",0.310810810810811,1.67524313838572,3.97361442034858,0.00013611046740379,0.00300401552706675,0.00274238880951447,"YHR094C/YNR072W/YMR319C/YDR536W/YDR345C/YEL069C/YHR092C/YKL016C/YDR322C-A/YDL004W/YNL052W/YPR124W/YPL271W/YGL187C/YJR121W/YDL067C/YKL217W/YDR529C/YPL078C/YER053C/YIL111W/YLR295C/YHR051W/YHR096C/YER145C/YPR191W/YML081C-A/YLR038C/YBR235W/YLR395C/YDL138W/YMR058W/YGL008C/YPR020W/YOL130W/YDR135C/YNL142W/YDR342C/YNR002C/YOL077W-A/YGR121C/YMR256C/YPL036W/YLR136C/YJL214W/YDR343C",46
"GO:0098660","GO:0098660","inorganic ion transmembrane transport","51/1031","171/5557",0.298245614035088,1.60751782462947,3.85103159503382,0.000191984574557861,0.00416806490723048,0.00380505841462145,"YHR094C/YNR072W/YMR319C/YDR536W/YDR345C/YEL069C/YHR092C/YKL016C/YBR294W/YDR322C-A/YDL004W/YNL052W/YPR124W/YPL271W/YGL187C/YJR121W/YDL067C/YKL217W/YDR529C/YPL078C/YER053C/YIL111W/YLR295C/YHR051W/YHR096C/YER145C/YPR191W/YML081C-A/YLR038C/YBR235W/YLR395C/YCR037C/YJR077C/YDL138W/YMR279C/YMR058W/YGL008C/YPR020W/YOL130W/YDR135C/YNL142W/YDR342C/YOR390W/YNR002C/YOL077W-A/YGR121C/YMR256C/YPL036W/YLR136C/YJL214W/YDR343C",51
"GO:1903825","GO:1903825","organic acid transmembrane transport","19/1031","45/5557",0.422222222222222,2.2757409203578,4.10078797070937,0.00019417277487417,0.00416806490723048,0.00380505841462145,"YCL025C/YJR095W/YOR348C/YKL217W/YGR243W/YMR241W/YGR191W/YJL193W/YGR260W/YNL101W/YEL063C/YOR222W/YER119C/YDR508C/YNR002C/YKL188C/YHL036W/YGL080W/YGR055W",19
"GO:0006071","GO:0006071","glycerol metabolic process","9/1031","14/5557",0.642857142857143,3.46494388249965,4.40708869882771,0.000205523238818113,0.00435209344902679,0.00397305948156209,"YIL155C/YIL053W/YPL201C/YER062C/YHL032C/YOL059W/YDR050C/YML070W/YFL053W",9
"GO:0015755","GO:0015755","fructose transmembrane transport","9/1031","15/5557",0.6,3.23394762366634,4.13464790110869,0.000429463190926979,0.00897291760243435,0.00819144528378617,"YHR094C/YNR072W/YDR345C/YEL069C/YHR092C/YHR096C/YDR342C/YJL214W/YDR343C",9
"GO:0009145","GO:0009145","purine nucleoside triphosphate biosynthetic process","11/1031","21/5557",0.523809523809524,2.82328760796268,3.99502924908046,0.000483752871523165,0.00984468506073766,0.00898728848120275,"YKL016C/YJL116C/YDR322C-A/YDL004W/YPL271W/YJR121W/YPL078C/YLR295C/YML081C-A/YPR020W/YOL077W-A",11
"GO:0009206","GO:0009206","purine ribonucleoside triphosphate biosynthetic process","11/1031","21/5557",0.523809523809524,2.82328760796268,3.99502924908046,0.000483752871523165,0.00984468506073766,0.00898728848120275,"YKL016C/YJL116C/YDR322C-A/YDL004W/YPL271W/YJR121W/YPL078C/YLR295C/YML081C-A/YPR020W/YOL077W-A",11
"GO:0015711","GO:0015711","organic anion transport","36/1031","114/5557",0.315789473684211,1.7020776966665,3.61469461101084,0.000507978267354231,0.0102051531403087,0.0093163625551201,"YDL210W/YCL025C/YJR095W/YKL165C/YOR348C/YOR317W/YBR068C/YCR098C/YJL079C/YBL030C/YKL217W/YPL265W/YGR243W/YMR241W/YKR013W/YGR191W/YOR306C/YJL193W/YGR260W/YAL067C/YNL101W/YNL065W/YBR043C/YEL062W/YEL063C/YPL002C/YDR135C/YOR222W/YER119C/YDR508C/YNR002C/YKL188C/YPL244C/YHL036W/YGL080W/YGR055W",36
"GO:0034308","GO:0034308","primary alcohol metabolic process","14/1031","31/5557",0.451612903225806,2.43415412534026,3.82141680825556,0.000594210868946994,0.0117864358435435,0.0107599276602127,"YGR087C/YMR145C/YLR044C/YOL086C/YOL055C/YPL061W/YGR144W/YBR240C/YML070W/YLR134W/YFL059W/YDL085W/YPR121W/YFL053W",14
"GO:0016051","GO:0016051","carbohydrate biosynthetic process","30/1031","91/5557",0.32967032967033,1.77689429871777,3.56616138607568,0.0006600622506041,0.0129289693337078,0.0118029552443549,"YKR097W/YLR377C/YJL052W/YJL034W/YIL045W/YIL053W/YCR012W/YFR015C/YOL126C/YDR074W/YPL201C/YKL152C/YGL062W/YER062C/YKL060C/YBR196C/YJR009C/YDR050C/YML028W/YPR184W/YGR143W/YMR215W/YKL035W/YFR042W/YOL132W/YOL045W/YKR058W/YCL039W/YDL049C/YKL127W",30
"GO:0009063","GO:0009063","amino acid catabolic process","20/1031","53/5557",0.377358490566038,2.03392932306059,3.60946430233649,0.000778131323893617,0.0150534788214975,0.0137424362465422,"YGR087C/YPL111W/YLR044C/YOL086C/YMR250W/YGR019W/YLR231C/YLR142W/YDL168W/YDR380W/YJR148W/YCL064C/YLR134W/YHR208W/YLR438W/YJR078W/YFR055W/YLR098C/YDL219W/YHR137W",20
"GO:0006740","GO:0006740","NADPH regeneration","9/1031","16/5557",0.5625,3.0318258971872,3.88423577618391,0.000820841464705941,0.0156860801852952,0.014319942882354,"YGR256W/YGR248W/YPL061W/YMR315W/YGR043C/YBR117C/YNL241C/YOR095C/YNR034W",9
"GO:0000096","GO:0000096","sulfur amino acid metabolic process","18/1031","46/5557",0.391304347826087,2.10909627630414,3.60484116588197,0.000857644213218169,0.0161919094230466,0.0147817182722066,"YAL012W/YLR303W/YER052C/YPR167C/YKL001C/YHR205W/YDR380W/YMR009W/YJR148W/YLL062C/YJR010W/YIR017C/YHR208W/YNL277W/YPL273W/YJR137C/YFR055W/YHR137W",18
"GO:0006812","GO:0006812","monoatomic cation transport","52/1031","186/5557",0.279569892473118,1.50685731568683,3.35558150109031,0.000923001258636867,0.0172183687176663,0.0157187808331767,"YHR094C/YNR072W/YMR319C/YDR536W/YDR345C/YEL069C/YHR092C/YKL016C/YOR384W/YDR322C-A/YDL004W/YNL052W/YPR124W/YPL271W/YBL030C/YGL187C/YJR121W/YDL067C/YKL217W/YDR529C/YOR381W/YPL078C/YGR191W/YER053C/YIL111W/YLR295C/YOL152W/YHR051W/YHR096C/YER145C/YPR191W/YML081C-A/YLL009C/YLR038C/YOR383C/YLR214W/YBR235W/YLR395C/YDL138W/YMR058W/YGL008C/YPR020W/YOL130W/YDR135C/YDR342C/YOL077W-A/YGL071W/YMR256C/YPL036W/YLR136C/YJL214W/YDR343C",52
"GO:0009152","GO:0009152","purine ribonucleotide biosynthetic process","17/1031","43/5557",0.395348837209302,2.13089572102046,3.55284764372984,0.00103596480280331,0.0190983158352092,0.0174349989722563,"YKL016C/YJL116C/YDR322C-A/YDL004W/YPL271W/YJR121W/YJL005W/YPL078C/YLR295C/YDR226W/YML081C-A/YOR128C/YPR020W/YOL077W-A/YML022W/YGL234W/YER170W",17
"GO:0000097","GO:0000097","sulfur amino acid biosynthetic process","15/1031","36/5557",0.416666666666667,2.24579696087941,3.57884442959382,0.00107275320133588,0.0195465612382944,0.0178442056378881,"YAL012W/YLR303W/YER052C/YPR167C/YKL001C/YMR009W/YJR148W/YLL062C/YIR017C/YHR208W/YNL277W/YPL273W/YJR137C/YFR055W/YHR137W",15
"GO:0006811","GO:0006811","monoatomic ion transport","56/1031","205/5557",0.273170731707317,1.47236639776679,3.28890289116496,0.00109384827143995,0.0197018418545563,0.0179859625031687,"YHR094C/YNR072W/YMR319C/YDR536W/YDR345C/YEL069C/YHR092C/YKL016C/YOR384W/YBR294W/YDR322C-A/YDL004W/YNL052W/YPR124W/YPL271W/YBL030C/YGL187C/YJR121W/YDL067C/YKL217W/YDR529C/YOR381W/YPL078C/YGR191W/YER053C/YIL111W/YLR295C/YOL152W/YHR051W/YHR096C/YER145C/YPR191W/YML081C-A/YLL009C/YLR038C/YOR383C/YLR214W/YBR235W/YLR395C/YDL138W/YMR203W/YMR058W/YGL008C/YPR020W/YOL130W/YDR135C/YDR342C/YOR390W/YNR002C/YOL077W-A/YGL071W/YMR256C/YPL036W/YLR136C/YJL214W/YDR343C",56
"GO:0031505","GO:0031505","fungal-type cell wall organization","45/1031","157/5557",0.286624203821656,1.54487943805717,3.30526695754372,0.00114588849029047,0.0204046280032405,0.0186275413672817,"YOR247W/YJL158C/YJL116C/YJL159W/YCR032W/YKL164C/YJR151C/YKL096W-A/YDR077W/YJR066W/YGR189C/YDR293C/YGR225W/YDL239C/YBL105C/YKL096W/YBR067C/YHR102W/YGR143W/YMR215W/YKL129C/YHR079C/YBR043C/YOR009W/YDR144C/YLR300W/YGR023W/YOL132W/YOL109W/YOR010C/YLR425W/YNL194C/YER033C/YNL006W/YDR273W/YLR194C/YOR113W/YIL123W/YER011W/YKR019C/YJR150C/YDL049C/YCR045C/YHR139C/YNL128W",45
"GO:0009083","GO:0009083","branched-chain amino acid catabolic process","7/1031","11/5557",0.636363636363636,3.42994444934309,3.8499574677411,0.00121854140505925,0.0214545436149197,0.0195860173799589,"YGR087C/YLR044C/YDR380W/YJR148W/YLR134W/YHR208W/YDL219W",7
"GO:0046395","GO:0046395","carboxylic acid catabolic process","27/1031","82/5557",0.329268292682927,1.77472735445104,3.37300458332189,0.00123272156308991,0.0214630521040211,0.0195937848449029,"YGR087C/YPL095C/YKR009C/YPL111W/YLR044C/YMR250W/YGR019W/YLR231C/YPR006C/YLR142W/YPR001W/YGL205W/YER010C/YDR380W/YJR148W/YCL064C/YOR363C/YLR134W/YIL160C/YHR208W/YLR438W/YJR078W/YKL188C/YFR055W/YJR019C/YDL219W/YHR137W",27
"GO:0022900","GO:0022900","electron transport chain","14/1031","33/5557",0.424242424242424,2.28662963289539,3.53782919036971,0.00126896143136491,0.0218512369554814,0.0199481617724108,"YMR118C/YJR048W/YLR164W/YNL052W/YGL187C/YDL067C/YDR529C/YIL111W/YOR356W/YHR051W/YPR191W/YLR395C/YPL252C/YMR256C",14
"GO:0044248","GO:0044248","cellular catabolic process","32/1031","103/5557",0.310679611650485,1.67453598636445,3.2977622788965,0.00138592460756884,0.0234046195754647,0.0213662566775646,"YGR087C/YPL095C/YKR009C/YPL111W/YNR001C/YLR044C/YMR250W/YGR019W/YLR231C/YOL055C/YPR006C/YLR142W/YPR001W/YGL205W/YER010C/YDR380W/YJR148W/YCL064C/YNL217W/YOR363C/YLR134W/YIL160C/YHR208W/YLR438W/YGL126W/YJR078W/YKL188C/YFR055W/YDR319C/YJR019C/YDL219W/YHR137W",32
"GO:0006113","GO:0006113","fermentation","8/1031","14/5557",0.571428571428571,3.07995011777747,3.71875592108282,0.00141891439672568,0.0234046195754647,0.0213662566775646,"YMR145C/YLR044C/YOL086C/YLR087C/YML070W/YLR134W/YDL085W/YFL053W",8
"GO:0009074","GO:0009074","aromatic amino acid family catabolic process","8/1031","14/5557",0.571428571428571,3.07995011777747,3.71875592108282,0.00141891439672568,0.0234046195754647,0.0213662566775646,"YGR087C/YLR044C/YLR231C/YDR380W/YLR134W/YJR078W/YDL219W/YHR137W",8
"GO:0046164","GO:0046164","alcohol catabolic process","8/1031","14/5557",0.571428571428571,3.07995011777747,3.71875592108282,0.00141891439672568,0.0234046195754647,0.0213662566775646,"YIL155C/YHL032C/YOL055C/YPL061W/YDR050C/YML070W/YJR159W/YFL053W",8
"GO:0016054","GO:0016054","organic acid catabolic process","27/1031","83/5557",0.325301204819277,1.7533450971685,3.30015085198841,0.00151168535898716,0.0244207315209576,0.0222938730641732,"YGR087C/YPL095C/YKR009C/YPL111W/YLR044C/YMR250W/YGR019W/YLR231C/YPR006C/YLR142W/YPR001W/YGL205W/YER010C/YDR380W/YJR148W/YCL064C/YOR363C/YLR134W/YIL160C/YHR208W/YLR438W/YJR078W/YKL188C/YFR055W/YJR019C/YDL219W/YHR137W",27
"GO:0044272","GO:0044272","sulfur compound biosynthetic process","27/1031","83/5557",0.325301204819277,1.7533450971685,3.30015085198841,0.00151168535898716,0.0244207315209576,0.0222938730641732,"YAL012W/YLR303W/YER052C/YPR167C/YOL055C/YKL001C/YGR144W/YHR205W/YMR207C/YDR380W/YBR240C/YMR009W/YJR148W/YLL062C/YJR010W/YIR017C/YHR208W/YNL277W/YFL059W/YOR054C/YPR121W/YOL049W/YGR286C/YPL273W/YJR137C/YFR055W/YHR137W",27
"GO:0098655","GO:0098655","monoatomic cation transmembrane transport","43/1031","152/5557",0.282894736842105,1.52477793659707,3.13078099455366,0.0019376932431392,0.0309833195101952,0.0282849099616131,"YHR094C/YNR072W/YMR319C/YDR536W/YDR345C/YEL069C/YHR092C/YKL016C/YDR322C-A/YDL004W/YNL052W/YPR124W/YPL271W/YGL187C/YJR121W/YDL067C/YKL217W/YDR529C/YPL078C/YER053C/YIL111W/YLR295C/YHR051W/YHR096C/YER145C/YPR191W/YML081C-A/YLR038C/YBR235W/YLR395C/YDL138W/YMR058W/YGL008C/YPR020W/YOL130W/YDR135C/YDR342C/YOL077W-A/YMR256C/YPL036W/YLR136C/YJL214W/YDR343C",43
"GO:0006790","GO:0006790","sulfur compound metabolic process","38/1031","131/5557",0.290076335877863,1.56348612849009,3.11481429265065,0.00213582257543676,0.0338064037950445,0.0308621252527225,"YAL012W/YNR001C/YOR317W/YLR303W/YKR076W/YER052C/YPR167C/YOL055C/YKL001C/YGR144W/YHR205W/YML075C/YMR207C/YDR380W/YBR240C/YMR009W/YJR148W/YLL062C/YJR010W/YGR244C/YLL060C/YIR017C/YHR208W/YNL277W/YFL059W/YKL215C/YDR135C/YGL126W/YOR054C/YPR121W/YOL049W/YGR286C/YPL273W/YJR137C/YFR055W/YDR319C/YJR019C/YHR137W",38
"GO:0051156","GO:0051156","glucose 6-phosphate metabolic process","10/1031","21/5557",0.476190476190476,2.56662509814789,3.43265267756511,0.00223505088655766,0.0350232473923585,0.0319729911034932,"YLR446W/YGR256W/YGR248W/YBR196C/YGR043C/YBR117C/YNL241C/YOR095C/YNR034W/YKL127W",10
"GO:0034220","GO:0034220","monoatomic ion transmembrane transport","45/1031","162/5557",0.277777777777778,1.4971979739196,3.06509760922603,0.00228990605685503,0.0355275523870479,0.0324333750001666,"YHR094C/YNR072W/YMR319C/YDR536W/YDR345C/YEL069C/YHR092C/YKL016C/YBR294W/YDR322C-A/YDL004W/YNL052W/YPR124W/YPL271W/YGL187C/YJR121W/YDL067C/YKL217W/YDR529C/YPL078C/YER053C/YIL111W/YLR295C/YHR051W/YHR096C/YER145C/YPR191W/YML081C-A/YLR038C/YBR235W/YLR395C/YDL138W/YMR058W/YGL008C/YPR020W/YOL130W/YDR135C/YDR342C/YOR390W/YOL077W-A/YMR256C/YPL036W/YLR136C/YJL214W/YDR343C",45
"GO:0006555","GO:0006555","methionine metabolic process","14/1031","35/5557",0.4,2.15596508244423,3.27403798089733,0.00248922222474424,0.0382412865311198,0.0349107637092613,"YLR303W/YER052C/YPR167C/YKL001C/YDR380W/YMR009W/YJR148W/YLL062C/YIR017C/YHR208W/YNL277W/YPL273W/YFR055W/YHR137W",14
"GO:0019646","GO:0019646","aerobic electron transport chain","12/1031","28/5557",0.428571428571429,2.3099625883331,3.31640674486295,0.00252731443779267,0.0384495313011759,0.0351008719566708,"YMR118C/YJR048W/YLR164W/YNL052W/YGL187C/YDL067C/YDR529C/YIL111W/YHR051W/YPR191W/YLR395C/YMR256C",12
"GO:0046165","GO:0046165","alcohol biosynthetic process","26/1031","82/5557",0.317073170731707,1.7089967116936,3.0868267970184,0.00275244970491821,0.0414720066116042,0.0378601128439661,"YGR087C/YIL053W/YLR044C/YAL060W/YOL086C/YPL201C/YAL061W/YML087C/YER062C/YOL055C/YGR144W/YDL168W/YML075C/YGR060W/YDR380W/YBR240C/YGR175C/YLR134W/YFL059W/YGL001C/YGL012W/YMR015C/YPR121W/YLR228C/YMR070W/YMR134W",26
"GO:0009201","GO:0009201","ribonucleoside triphosphate biosynthetic process","11/1031","25/5557",0.44,2.37156159068865,3.2801779855665,0.00296153197866255,0.0431002707358894,0.0393465676485901,"YKL016C/YJL116C/YDR322C-A/YDL004W/YPL271W/YJR121W/YPL078C/YLR295C/YML081C-A/YPR020W/YOL077W-A",11
"GO:0006094","GO:0006094","gluconeogenesis","13/1031","32/5557",0.40625,2.18965203685742,3.22093512027262,0.00299804052980979,0.0431002707358894,0.0393465676485901,"YKR097W/YLR377C/YJL052W/YCR012W/YOL126C/YKL152C/YGL062W/YKL060C/YBR196C/YJR009C/YDR050C/YML028W/YCL039W",13
"GO:0009086","GO:0009086","methionine biosynthetic process","13/1031","32/5557",0.40625,2.18965203685742,3.22093512027262,0.00299804052980979,0.0431002707358894,0.0393465676485901,"YLR303W/YER052C/YPR167C/YKL001C/YMR009W/YJR148W/YLL062C/YIR017C/YHR208W/YNL277W/YPL273W/YFR055W/YHR137W",13
"GO:0019319","GO:0019319","hexose biosynthetic process","13/1031","32/5557",0.40625,2.18965203685742,3.22093512027262,0.00299804052980979,0.0431002707358894,0.0393465676485901,"YKR097W/YLR377C/YJL052W/YCR012W/YOL126C/YKL152C/YGL062W/YKL060C/YBR196C/YJR009C/YDR050C/YML028W/YCL039W",13
"GO:0022904","GO:0022904","respiratory electron transport chain","13/1031","32/5557",0.40625,2.18965203685742,3.22093512027262,0.00299804052980979,0.0431002707358894,0.0393465676485901,"YMR118C/YJR048W/YLR164W/YNL052W/YGL187C/YDL067C/YDR529C/YIL111W/YOR356W/YHR051W/YPR191W/YLR395C/YMR256C",13
"GO:0071852","GO:0071852","fungal-type cell wall organization or biogenesis","48/1031","178/5557",0.269662921348315,1.45345960614218,2.93461418096551,0.00321151887117042,0.0457495461011277,0.0417651114442163,"YJL034W/YOR247W/YJL158C/YJL116C/YJL159W/YCR032W/YIL119C/YKL164C/YJR151C/YKL096W-A/YDR077W/YJR066W/YGR189C/YDR293C/YGR225W/YDL239C/YBL105C/YKL096W/YBR067C/YHR102W/YGR143W/YMR215W/YER075C/YKL129C/YHR079C/YBR043C/YOR009W/YDR144C/YLR300W/YGR023W/YOL132W/YOL109W/YOR010C/YLR425W/YNL194C/YER033C/YNL006W/YDR273W/YLR194C/YOR113W/YIL123W/YER011W/YKR019C/YJR150C/YDL049C/YCR045C/YHR139C/YNL128W",48
"GO:0170041","GO:0170041","non-proteinogenic amino acid metabolic process","14/1031","36/5557",0.388888888888889,2.09607716348744,3.14873913978969,0.00339061160327683,0.0478656611021153,0.0436969290550329,"YPL111W/YAL012W/YLR303W/YGR019W/YLR231C/YMR170C/YOL058W/YMR169C/YLR438W/YPL273W/YJR078W/YFR055W/YDL219W/YHR137W",14
"GO:0006865","GO:0006865","amino acid transport","20/1031","59/5557",0.338983050847458,1.82708905291884,3.04809913093549,0.00349428623021014,0.048569006893438,0.0443390188212019,"YDL210W/YGR125W/YCL025C/YOR348C/YBR068C/YGR142W/YPL265W/YGR191W/YMR088C/YDR046C/YNL101W/YNL065W/YBR043C/YEL062W/YEL063C/YOR222W/YER119C/YDR508C/YHL036W/YGR055W",20
"GO:0006164","GO:0006164","purine nucleotide biosynthetic process","22/1031","67/5557",0.328358208955224,1.76982208260347,3.02548337136865,0.00351705046920234,0.048569006893438,0.0443390188212019,"YKL016C/YJL116C/YDR322C-A/YDL004W/YLR231C/YPL271W/YJR121W/YNL129W/YJL005W/YPL078C/YLR295C/YDR226W/YML081C-A/YKR080W/YOR128C/YPR020W/YDR400W/YOL077W-A/YJR078W/YML022W/YGL234W/YER170W",22
"GO:0009142","GO:0009142","nucleoside triphosphate biosynthetic process","12/1031","29/5557",0.413793103448276,2.23030870597679,3.17016783562977,0.00359540829587671,0.048569006893438,0.0443390188212019,"YKL016C/YJL116C/YDR322C-A/YDL004W/YPL271W/YJR121W/YPL078C/YLR295C/YML081C-A/YPR020W/YOL077W-A/YER170W",12
"GO:0042773","GO:0042773","ATP synthesis coupled electron transport","12/1031","29/5557",0.413793103448276,2.23030870597679,3.17016783562977,0.00359540829587671,0.048569006893438,0.0443390188212019,"YMR118C/YJR048W/YLR164W/YNL052W/YGL187C/YDL067C/YDR529C/YIL111W/YHR051W/YPR191W/YLR395C/YMR256C",12
"GO:0042775","GO:0042775","mitochondrial ATP synthesis coupled electron transport","12/1031","29/5557",0.413793103448276,2.23030870597679,3.17016783562977,0.00359540829587671,0.048569006893438,0.0443390188212019,"YMR118C/YJR048W/YLR164W/YNL052W/YGL187C/YDL067C/YDR529C/YIL111W/YHR051W/YPR191W/YLR395C/YMR256C",12
