"","Cluster","ID","Description","GeneRatio","BgRatio","RichFactor","FoldEnrichment","zScore","pvalue","p.adjust","qvalue","geneID","Count"
"1","Upregulated","GO:0002181","cytoplasmic translation","65/546","181/6447",0.359116022099448,4.24033149171271,13.4496876433592,8.37578763368358e-26,1.13156890931065e-22,1.02889938615882e-22,"YNCL0027W/YJR094W-A/YJL190C/YDR500C/YHR141C/YDL081C/YHR010W/YML063W/YGR085C/YER131W/YMR194W/YER074W/YPR043W/YGL076C/YML024W/YLR075W/YFR032C-A/YER117W/YOR312C/YIL052C/YDL130W/YDR471W/YIL148W/YML026C/YML091C/YNL096C/YKR094C/YGL031C/YGR148C/YDL075W/YLR264W/YNL178W/YPL079W/YDR447C/YDL191W/YEL054C/YGL147C/YBR191W/YFR031C-A/YNCL0014C/YPL249C-A/YLR287C-A/YOL120C/YNL069C/YOR096W/YGL103W/YNL067W/YPR102C/YLR448W/YER056C-A/YDL184C/YOR293W/YIL069C/YLR325C/YMR260C/YMR242C/YNL175C/YKL006W/YDL082W/YJR014W/YOL039W/YNCL0018W/YLR212C/YJL189W/YLR136C",65
"2","Upregulated","GO:0045333","cellular respiration","32/546","112/6447",0.285714285714286,3.37362637362637,7.70773412033752,3.35102110210254e-10,2.26361475447027e-07,2.05823243481772e-07,"YPL262W/YNR001C/YLR174W/YMR002W/YJR048W/YER065C/YNL031C/YNL052W/YNL037C/YPL271W/YBL030C/YGL187C/YJR121W/YDL067C/YOR136W/YPR001W/YDR529C/YNL117W/YDR487C/YIL070C/YOR356W/YHR051W/YFR049W/YPR191W/YGR244C/YLR038C/YJL200C/YLR395C/YBL021C/YLR304C/YMR256C/YJR120W",32
"3","Upregulated","GO:0009060","aerobic respiration","29/546","98/6447",0.295918367346939,3.49411302982732,7.56754775334126,9.27661602318606e-10,4.17756941577479e-07,3.7985301400204e-07,"YPL262W/YNR001C/YLR174W/YMR002W/YJR048W/YER065C/YNL031C/YNL052W/YNL037C/YPL271W/YBL030C/YGL187C/YJR121W/YDL067C/YOR136W/YPR001W/YDR529C/YNL117W/YDR487C/YIL070C/YHR051W/YFR049W/YPR191W/YGR244C/YLR038C/YJL200C/YLR395C/YLR304C/YMR256C",29
"4","Upregulated","GO:0042254","ribosome biogenesis","76/546","482/6447",0.157676348547718,1.8617938078519,5.98274274803713,3.36848272937802e-08,1.13770504184742e-05,1.03447877504846e-05,"YBR189W/YDR500C/YNCL0046W/YKL009W/YML063W/YGR085C/YNL302C/YER131W/YER074W/YGL076C/YML024W/YLR075W/YIL052C/YNL113W/YOR310C/YIL148W/YML026C/YIL070C/YNL096C/YKR094C/YER102W/YOL121C/YPL090C/YLR264W/YNL178W/YMR143W/YDR447C/YDL191W/YGL078C/YEL054C/YFR031C-A/YLR009W/YNL069C/YNCD0030W/YOR096W/YBR181C/YOR369C/YDL036C/YDL166C/YPR102C/YLR448W/YDR064W/YPR110C/YER056C-A/YOR293W/YIL069C/YHR143W-A/YNCL0042C/YLL011W/YHR065C/YBR048W/YKL006W/YGR081C/YLR435W/YDR299W/YLR068W/YGR128C/YJL148W/YHR052W/YOL010W/YLL046C/YLL034C/YJR055W/YLR409C/YBR279W/YAL025C/YGL029W/YPL211W/YNCG0015C/YCR087C-A/YNCP0015C/YFR001W/YNCN0013W/YDR156W/YOR078W/YCR016W",76
"5","Upregulated","GO:0015980","energy derivation by oxidation of organic compounds","37/546","170/6447",0.217647058823529,2.56990950226244,6.3095978397453,5.11720414667439e-08,1.38266856043142e-05,1.25721626087769e-05,"YMR145C/YPL262W/YFR015C/YNR001C/YLR174W/YMR002W/YJR048W/YER065C/YNL031C/YNL052W/YNL037C/YPL271W/YBL030C/YGL187C/YJR121W/YDL067C/YOR136W/YPR001W/YDR529C/YNL117W/YDR487C/YIL070C/YOR356W/YHR051W/YFR049W/YPR191W/YGR244C/YLR038C/YJL200C/YLR395C/YBL021C/YLR304C/YER067W/YFL053W/YMR256C/YKL127W/YJR120W",37
"6","Upregulated","GO:0006091","generation of precursor metabolites and energy","41/546","218/6447",0.188073394495413,2.22071277346507,5.57713600003706,6.72803264672168e-07,0.000151492868428683,0.000137747615767091,"YMR145C/YPL262W/YFR015C/YNR001C/YLR174W/YMR002W/YJR048W/YER065C/YNL031C/YNL052W/YPL061W/YNL037C/YPL271W/YBL030C/YGL187C/YJR121W/YDL067C/YOR136W/YPR001W/YDR529C/YNL117W/YDR487C/YIL070C/YOR356W/YHR051W/YFR049W/YPR191W/YGR244C/YLR038C/YJL200C/YLR395C/YNL241C/YOR095C/YBL021C/YLR304C/YER067W/YFL053W/YPL252C/YMR256C/YKL127W/YJR120W",41
"7","Upregulated","GO:0042274","ribosomal small subunit biogenesis","31/546","145/6447",0.213793103448276,2.52440318302387,5.64707184700213,9.62541044357996e-07,0.000185770421561093,0.000168915097558764,"YBR189W/YML063W/YNL302C/YER074W/YML024W/YOR310C/YML026C/YNL096C/YER102W/YOL121C/YPL090C/YLR264W/YMR143W/YDR447C/YOR096W/YBR181C/YOR369C/YDL166C/YDR064W/YIL069C/YLL011W/YHR065C/YBR048W/YGR081C/YLR435W/YDR299W/YLR068W/YGR128C/YOL010W/YFR001W/YOR078W",31
"8","Upregulated","GO:0006754","ATP biosynthetic process","10/546","20/6447",0.5,5.90384615384615,6.6807673666634,1.48257155089193e-06,0.000222550462806111,0.000202358011683144,"YKL016C/YDR322C-A/YDL004W/YPL271W/YJR121W/YPL078C/YLR295C/YML081C-A/YPR020W/YOL077W-A",10
"9","Upregulated","GO:0015986","proton motive force-driven ATP synthesis","10/546","20/6447",0.5,5.90384615384615,6.6807673666634,1.48257155089193e-06,0.000222550462806111,0.000202358011683144,"YKL016C/YDR322C-A/YDL004W/YPL271W/YJR121W/YPL078C/YLR295C/YML081C-A/YPR020W/YOL077W-A",10
"10","Upregulated","GO:1902600","proton transmembrane transport","25/546","108/6447",0.231481481481481,2.73326210826211,5.52515427803022,2.40886717020502e-06,0.000309709745138159,0.000281609157019153,"YNR072W/YDR536W/YEL069C/YKL016C/YDR322C-A/YDL004W/YNL052W/YPL271W/YGL187C/YJR121W/YDL067C/YKL217W/YDR529C/YPL078C/YLR295C/YHR051W/YPR191W/YML081C-A/YLR038C/YLR395C/YPR020W/YOL077W-A/YMR256C/YLR136C/YJL214W",25
"11","Upregulated","GO:0006099","tricarboxylic acid cycle","12/546","30/6447",0.4,4.72307692307692,6.21692004032766,2.52169296559567e-06,0.000309709745138159,0.000281609157019153,"YPL262W/YNR001C/YLR174W/YER065C/YNL037C/YOR136W/YPR001W/YNL117W/YFR049W/YGR244C/YJL200C/YLR304C",12
"12","Upregulated","GO:0009152","purine ribonucleotide biosynthetic process","15/546","46/6447",0.326086956521739,3.85033444816053,5.90105263572317,2.94112971683411e-06,0.000331122187286906,0.000301078805223281,"YKL016C/YDR322C-A/YDL004W/YPL271W/YJR121W/YPL078C/YLR295C/YDR226W/YML081C-A/YOR128C/YPR020W/YOL077W-A/YML022W/YGL234W/YER170W",15
"13","Upregulated","GO:0007007","inner mitochondrial membrane organization","13/546","37/6447",0.351351351351351,4.14864864864865,5.84217703451594,5.31148080151325e-06,0.000551985427911108,0.000501902679786718,"YDR322C-A/YLR168C/YFR011C/YHR005C-A/YLR295C/YBR091C/YBR185C/YBR262C/YJR135W-A/YPR020W/YGR181W/YEL020W-A/YPL098C",13
"14","Upregulated","GO:0009145","purine nucleoside triphosphate biosynthetic process","10/546","24/6447",0.416666666666667,4.91987179487179,5.85176918292493,1.15123823536658e-05,0.00103688190398683,0.000942803523279153,"YKL016C/YDR322C-A/YDL004W/YPL271W/YJR121W/YPL078C/YLR295C/YML081C-A/YPR020W/YOL077W-A",10
"15","Upregulated","GO:0009206","purine ribonucleoside triphosphate biosynthetic process","10/546","24/6447",0.416666666666667,4.91987179487179,5.85176918292493,1.15123823536658e-05,0.00103688190398683,0.000942803523279153,"YKL016C/YDR322C-A/YDL004W/YPL271W/YJR121W/YPL078C/YLR295C/YML081C-A/YPR020W/YOL077W-A",10
"16","Upregulated","GO:0007005","mitochondrion organization","36/546","205/6447",0.175609756097561,2.07354596622889,4.75132083603172,1.64891484373419e-05,0.00135384326176507,0.00123100633953783,"YDR322C-A/YMR002W/YLR168C/YMR012W/YDR529C/YFR011C/YMR241W/YHR005C-A/YLR259C/YML091C/YLR295C/YOR045W/YBR091C/YBR185C/YML081C-A/YLL009C/YLR038C/YBR262C/YBL059C-A/YJR135W-A/YPR020W/YGR181W/YEL020W-A/YDR512C/YDR296W/YIR021W/YIL156W-B/YDL059C/YJR034W/YLR304C/YIR024C/YKL137W/YMR134W/YLR218C/YJR120W/YPL098C",36
"17","Upregulated","GO:0030490","maturation of SSU-rRNA","25/546","120/6447",0.208333333333333,2.4599358974359,4.91025625680411,1.75675706241476e-05,0.00135384326176507,0.00123100633953783,"YBR189W/YML063W/YER074W/YOR310C/YML026C/YER102W/YPL090C/YLR264W/YMR143W/YBR181C/YOR369C/YDL166C/YDR064W/YIL069C/YLL011W/YHR065C/YBR048W/YGR081C/YLR435W/YDR299W/YLR068W/YGR128C/YOL010W/YFR001W/YOR078W",25
"18","Upregulated","GO:0042255","ribosome assembly","20/546","85/6447",0.235294117647059,2.77828054298643,5.01985961399863,1.9021652836063e-05,0.00135384326176507,0.00123100633953783,"YKL009W/YGR085C/YNL302C/YER131W/YML024W/YLR075W/YIL148W/YIL070C/YKR094C/YOL121C/YLR264W/YDR447C/YEL054C/YLR009W/YOR369C/YPR102C/YLR448W/YBR048W/YKL006W/YPL211W",20
"19","Upregulated","GO:0000462","maturation of SSU-rRNA from tricistronic rRNA transcript (SSU-rRNA, 5.8S rRNA, LSU-rRNA)","23/546","106/6447",0.216981132075472,2.56204644412192,4.93226796364686,1.90399866569476e-05,0.00135384326176507,0.00123100633953783,"YBR189W/YML063W/YER074W/YOR310C/YML026C/YER102W/YPL090C/YMR143W/YBR181C/YDL166C/YDR064W/YIL069C/YLL011W/YHR065C/YBR048W/YGR081C/YLR435W/YDR299W/YLR068W/YGR128C/YOL010W/YFR001W/YOR078W",23
"20","Upregulated","GO:0009142","nucleoside triphosphate biosynthetic process","11/546","32/6447",0.34375,4.05889423076923,5.27618219247351,3.6081141702455e-05,0.00243728112200083,0.00221614170351395,"YKL016C/YDR322C-A/YDL004W/YPL271W/YJR121W/YPL078C/YLR295C/YML081C-A/YPR020W/YOL077W-A/YER170W",11
"21","Upregulated","GO:0006164","purine nucleotide biosynthetic process","17/546","70/6447",0.242857142857143,2.86758241758242,4.77858430925175,5.19642058369178e-05,0.00331270488921603,0.00301213651152371,"YKL016C/YDR322C-A/YDL004W/YPL271W/YJR121W/YPL078C/YLR295C/YDR226W/YML081C-A/YKR080W/YOR128C/YPR020W/YDR400W/YOL077W-A/YML022W/YGL234W/YER170W",17
"22","Upregulated","GO:0006839","mitochondrial transport","19/546","84/6447",0.226190476190476,2.67078754578755,4.68822639195733,5.50648978788907e-05,0.00331270488921603,0.00301213651152371,"YOR020C/YBL030C/YJR045C/YGR243W/YMR241W/YHR005C-A/YLR259C/YER053C/YOR045W/YBR091C/YJR077C/YMR203W/YJR135W-A/YGR181W/YEL020W-A/YOR222W/YLR008C/YGL080W/YPL098C",19
"23","Upregulated","GO:0009201","ribonucleoside triphosphate biosynthetic process","10/546","28/6447",0.357142857142857,4.21703296703297,5.18895021457887,5.63969004085631e-05,0.00331270488921603,0.00301213651152371,"YKL016C/YDR322C-A/YDL004W/YPL271W/YJR121W/YPL078C/YLR295C/YML081C-A/YPR020W/YOL077W-A",10
"24","Upregulated","GO:0006123","mitochondrial electron transport, cytochrome c to oxygen","7/546","14/6447",0.5,5.90384615384615,5.58692374206948,6.09053583347287e-05,0.00342846412959243,0.00311739268318545,"YJR048W/YNL052W/YGL187C/YDL067C/YHR051W/YLR395C/YMR256C",7
"25","Upregulated","GO:0000096","sulfur amino acid metabolic process","13/546","46/6447",0.282608695652174,3.33695652173913,4.83820537308485,7.43706167364676e-05,0.00401898812843871,0.00365433725185085,"YAL012W/YLR303W/YER052C/YPR167C/YKL001C/YDR380W/YLL062C/YJR010W/YIR017C/YNL277W/YPL273W/YJR137C/YHR137W",13
"26","Upregulated","GO:0006119","oxidative phosphorylation","12/546","41/6447",0.292682926829268,3.45590994371482,4.79832392931547,9.66819836213195e-05,0.00500736457627921,0.00455303631658253,"YJR048W/YNL052W/YPL271W/YGL187C/YJR121W/YDL067C/YDR529C/YHR051W/YPR191W/YLR038C/YLR395C/YMR256C",12
"27","Upregulated","GO:0009260","ribonucleotide biosynthetic process","15/546","60/6447",0.25,2.95192307692308,4.62028249700536,0.000100073163256505,0.00500736457627921,0.00455303631658253,"YKL016C/YDR322C-A/YDL004W/YPL271W/YJR121W/YPL078C/YLR295C/YDR226W/YML081C-A/YOR128C/YPR020W/YOL077W-A/YML022W/YGL234W/YER170W",15
"28","Upregulated","GO:0042407","cristae formation","6/546","11/6447",0.545454545454545,6.44055944055944,5.49301201558046,0.000114620253263193,0.00546939072122003,0.00497314190008476,"YDR322C-A/YLR168C/YFR011C/YLR295C/YBR262C/YPR020W",6
"29","Upregulated","GO:0042273","ribosomal large subunit biogenesis","24/546","126/6447",0.19047619047619,2.24908424908425,4.30688002500787,0.000117403649826337,0.00546939072122003,0.00497314190008476,"YDR500C/YKL009W/YGR085C/YER131W/YGL076C/YLR075W/YIL148W/YKR094C/YDL191W/YGL078C/YEL054C/YFR031C-A/YLR009W/YNL069C/YPR102C/YLR448W/YKL006W/YLR435W/YLL034C/YJR055W/YAL025C/YPL211W/YFR001W/YCR016W",24
"30","Upregulated","GO:0000097","sulfur amino acid biosynthetic process","11/546","36/6447",0.305555555555556,3.60790598290598,4.77264308199827,0.000122830551541308,0.00553146917107691,0.00502958784732304,"YAL012W/YLR303W/YER052C/YPR167C/YKL001C/YLL062C/YIR017C/YNL277W/YPL273W/YJR137C/YHR137W",11
"31","Upregulated","GO:0007006","mitochondrial membrane organization","14/546","56/6447",0.25,2.95192307692308,4.46221989261777,0.000169943905404538,0.00740626503875908,0.00673427971501176,"YDR322C-A/YLR168C/YFR011C/YHR005C-A/YLR295C/YOR045W/YBR091C/YBR185C/YBR262C/YJR135W-A/YPR020W/YGR181W/YEL020W-A/YPL098C",14
"32","Upregulated","GO:0006163","purine nucleotide metabolic process","25/546","140/6447",0.178571428571429,2.10851648351648,4.03341976715314,0.000247495160454336,0.0104489363054315,0.00950088329770427,"YMR145C/YIL155C/YKL016C/YLR174W/YDR322C-A/YDL004W/YPL061W/YPL271W/YJR121W/YPL078C/YLR295C/YDR226W/YML081C-A/YKR080W/YNL241C/YOR095C/YOR128C/YPR020W/YOR222W/YDR400W/YOL077W-A/YML022W/YGL234W/YBR252W/YER170W",25
"33","Upregulated","GO:0055085","transmembrane transport","63/546","484/6447",0.130165289256198,1.53695168467896,3.73597662308348,0.000279271362617539,0.0114332003301907,0.0103958430677725,"YNR072W/YJL034W/YDR536W/YCL025C/YJR095W/YEL069C/YKL016C/YOR020C/YBR068C/YBR294W/YDR322C-A/YER103W/YCR098C/YDL004W/YNL052W/YPL271W/YBL030C/YJR045C/YGL187C/YJR121W/YDL067C/YKL217W/YPL265W/YDR529C/YGR243W/YPL078C/YMR241W/YKL073W/YLR259C/YER053C/YLR295C/YOR045W/YHR051W/YLR378C/YBR091C/YDR046C/YAL067C/YER145C/YPR191W/YML081C-A/YLR038C/YLR395C/YGR239C/YJR077C/YMR203W/YMR058W/YPR020W/YDR135C/YOR222W/YLR008C/YDR508C/YOL077W-A/YOR153W/YML055W/YPL244C/YGL114W/YMR256C/YLR136C/YHL036W/YGL080W/YGR055W/YPL098C/YJL214W",63
"34","Upregulated","GO:0098662","inorganic cation transmembrane transport","29/546","175/6447",0.165714285714286,1.9567032967033,3.90276080372793,0.000310159955540124,0.0120967662290971,0.0109992022979908,"YNR072W/YDR536W/YEL069C/YKL016C/YDR322C-A/YDL004W/YNL052W/YPL271W/YGL187C/YJR121W/YDL067C/YKL217W/YDR529C/YPL078C/YER053C/YLR295C/YHR051W/YER145C/YPR191W/YML081C-A/YLR038C/YLR395C/YMR058W/YPR020W/YDR135C/YOL077W-A/YMR256C/YLR136C/YJL214W",29
"35","Upregulated","GO:0046390","ribose phosphate biosynthetic process","15/546","66/6447",0.227272727272727,2.68356643356643,4.18154253104512,0.000313387726142411,0.0120967662290971,0.0109992022979908,"YKL016C/YDR322C-A/YDL004W/YPL271W/YJR121W/YPL078C/YLR295C/YDR226W/YML081C-A/YOR128C/YPR020W/YOL077W-A/YML022W/YGL234W/YER170W",15
"36","Upregulated","GO:0006364","rRNA processing","50/546","365/6447",0.136986301369863,1.61749209694415,3.69430963443032,0.000372468307510655,0.0138547818356602,0.0125977096125407,"YBR189W/YDR500C/YNCL0046W/YKL009W/YML063W/YER131W/YER074W/YGL076C/YOR310C/YML026C/YNL096C/YER102W/YPL090C/YLR264W/YMR143W/YDL191W/YGL078C/YNL069C/YNCD0030W/YOR096W/YBR181C/YOR369C/YDL036C/YDL166C/YDR064W/YIL069C/YNCL0042C/YLL011W/YHR065C/YBR048W/YKL006W/YGR081C/YLR435W/YDR299W/YLR068W/YGR128C/YOL010W/YJR055W/YLR409C/YBR279W/YAL025C/YGL029W/YPL211W/YNCG0015C/YCR087C-A/YNCP0015C/YFR001W/YNCN0013W/YOR078W/YCR016W",50
"37","Upregulated","GO:0016072","rRNA metabolic process","56/546","422/6447",0.132701421800948,1.56689755741888,3.66404627746957,0.000379442581731625,0.0138547818356602,0.0125977096125407,"YBR189W/YNL031C/YDR500C/YNCL0046W/YKL009W/YML063W/YER131W/YER074W/YGL076C/YNL113W/YOR310C/YML026C/YNL096C/YER102W/YPL090C/YLR264W/YNL178W/YMR143W/YDL191W/YGL078C/YER148W/YNL069C/YNCD0030W/YOR096W/YBR181C/YOR369C/YDL036C/YDL166C/YDR064W/YIL069C/YNCL0042C/YLL011W/YHR065C/YBR048W/YKL006W/YGR081C/YLR435W/YDR299W/YLR068W/YGR128C/YJL148W/YOL010W/YJR055W/YLR409C/YBR279W/YAL025C/YGL029W/YPL211W/YNCG0015C/YCR087C-A/YNCP0015C/YFR001W/YNCN0013W/YDR156W/YOR078W/YCR016W",56
"38","Upregulated","GO:0022618","protein-RNA complex assembly","29/546","178/6447",0.162921348314607,1.92372515125324,3.80130134796812,0.00041606994035974,0.0144130894724618,0.013105360874489,"YKL009W/YGR085C/YNL302C/YML024W/YLR075W/YIL148W/YKR094C/YMR186W/YOL121C/YLR264W/YDR447C/YEL054C/YLR009W/YOR369C/YPR102C/YLR448W/YLR325C/YMR260C/YNL175C/YNCG0045C/YBR048W/YKL006W/YJR014W/YNCG0044C/YKL074C/YJR055W/YNCE0011C/YPL211W/YNCL0006W",29
"39","Upregulated","GO:0098655","monoatomic cation transmembrane transport","29/546","178/6447",0.162921348314607,1.92372515125324,3.80130134796812,0.00041606994035974,0.0144130894724618,0.013105360874489,"YNR072W/YDR536W/YEL069C/YKL016C/YDR322C-A/YDL004W/YNL052W/YPL271W/YGL187C/YJR121W/YDL067C/YKL217W/YDR529C/YPL078C/YER053C/YLR295C/YHR051W/YER145C/YPR191W/YML081C-A/YLR038C/YLR395C/YMR058W/YPR020W/YDR135C/YOL077W-A/YMR256C/YLR136C/YJL214W",29
"40","Upregulated","GO:0006555","methionine metabolic process","10/546","35/6447",0.285714285714286,3.37362637362637,4.28280487929781,0.000458182734877142,0.0154751218704755,0.0140710329368849,"YLR303W/YER052C/YPR167C/YKL001C/YDR380W/YLL062C/YIR017C/YNL277W/YPL273W/YHR137W",10
"41","Upregulated","GO:0034220","monoatomic ion transmembrane transport","30/546","188/6447",0.159574468085106,1.8842062193126,3.74247302560907,0.00047817521893797,0.015756456604517,0.014326841604637,"YNR072W/YDR536W/YEL069C/YKL016C/YBR294W/YDR322C-A/YDL004W/YNL052W/YPL271W/YGL187C/YJR121W/YDL067C/YKL217W/YDR529C/YPL078C/YER053C/YLR295C/YHR051W/YER145C/YPR191W/YML081C-A/YLR038C/YLR395C/YMR058W/YPR020W/YDR135C/YOL077W-A/YMR256C/YLR136C/YJL214W",30
"42","Upregulated","GO:0098660","inorganic ion transmembrane transport","31/546","198/6447",0.156565656565657,1.8486790986791,3.6893469945657,0.000541741665324807,0.0171231634874048,0.0155695444230796,"YNR072W/YDR536W/YEL069C/YKL016C/YBR294W/YDR322C-A/YDL004W/YNL052W/YPL271W/YGL187C/YJR121W/YDL067C/YKL217W/YDR529C/YPL078C/YER053C/YLR295C/YHR051W/YER145C/YPR191W/YML081C-A/YLR038C/YLR395C/YJR077C/YMR058W/YPR020W/YDR135C/YOL077W-A/YMR256C/YLR136C/YJL214W",31
"43","Upregulated","GO:0009070","serine family amino acid biosynthetic process","8/546","24/6447",0.333333333333333,3.93589743589744,4.38284592932072,0.000545000762367438,0.0171231634874048,0.0155695444230796,"YAL012W/YLR303W/YER052C/YPR167C/YKL001C/YIL074C/YLR058C/YIR017C",8
"44","Upregulated","GO:0045039","protein insertion into mitochondrial inner membrane","6/546","14/6447",0.428571428571429,5.06043956043956,4.62603545701887,0.000596961281813934,0.0177815194538907,0.0161681664285251,"YHR005C-A/YBR091C/YJR135W-A/YGR181W/YEL020W-A/YPL098C",6
"45","Upregulated","GO:0019400","alditol metabolic process","7/546","19/6447",0.368421052631579,4.3502024291498,4.44824378092609,0.000613943356875963,0.0177815194538907,0.0161681664285251,"YNR073C/YIL155C/YPL201C/YHL032C/YEL070W/YJR159W/YFL053W",7
"46","Upregulated","GO:1990542","mitochondrial transmembrane transport","14/546","63/6447",0.222222222222222,2.62393162393162,3.93976428951961,0.000629181132332534,0.0177815194538907,0.0161681664285251,"YOR020C/YBL030C/YJR045C/YGR243W/YMR241W/YLR259C/YER053C/YOR045W/YJR077C/YMR203W/YOR222W/YLR008C/YGL080W/YPL098C",14
"47","Upregulated","GO:0008652","amino acid biosynthetic process","22/546","124/6447",0.17741935483871,2.09491315136476,3.74461858606746,0.000630204973546293,0.0177815194538907,0.0161681664285251,"YAL012W/YLR303W/YOR375C/YER052C/YPR167C/YKL001C/YNL037C/YOL058W/YOR136W/YIL074C/YGR124W/YDR354W/YGL148W/YLL062C/YER055C/YLR058C/YJL200C/YIR017C/YNL277W/YLR438W/YPL273W/YHR137W",22
"48","Upregulated","GO:1901607","alpha-amino acid biosynthetic process","21/546","116/6447",0.181034482758621,2.13759946949602,3.76063239922802,0.000631763829597895,0.0177815194538907,0.0161681664285251,"YAL012W/YLR303W/YOR375C/YER052C/YPR167C/YKL001C/YNL037C/YOL058W/YOR136W/YIL074C/YGR124W/YDR354W/YLL062C/YER055C/YLR058C/YJL200C/YIR017C/YNL277W/YLR438W/YPL273W/YHR137W",21
"49","Upregulated","GO:0022900","electron transport chain","11/546","43/6447",0.255813953488372,3.02057245080501,4.04353920402217,0.000681075889130742,0.0187782352288905,0.0170744481764893,"YJR048W/YNL052W/YGL187C/YDL067C/YDR529C/YOR356W/YHR051W/YPR191W/YLR395C/YPL252C/YMR256C",11
"50","Upregulated","GO:0170038","proteinogenic amino acid biosynthetic process","20/546","109/6447",0.18348623853211,2.16654904728299,3.73610264533674,0.00070750763742666,0.0191168563632683,0.0173823455342508,"YLR303W/YOR375C/YER052C/YPR167C/YKL001C/YNL037C/YOL058W/YOR136W/YIL074C/YGR124W/YDR354W/YLL062C/YER055C/YLR058C/YJL200C/YIR017C/YNL277W/YLR438W/YPL273W/YHR137W",20
"51","Upregulated","GO:0019344","cysteine biosynthetic process","5/546","10/6447",0.5,5.90384615384615,4.7203450586864,0.000752310456678769,0.0195456043648657,0.0177721923672899,"YAL012W/YLR303W/YPR167C/YKL001C/YIR017C",5
"52","Upregulated","GO:0044092","negative regulation of molecular function","5/546","10/6447",0.5,5.90384615384615,4.7203450586864,0.000752310456678769,0.0195456043648657,0.0177721923672899,"YDL181W/YPR052C/YDR098C/YIL138C/YDL130W-A",5
"53","Upregulated","GO:0009165","nucleotide biosynthetic process","19/546","102/6447",0.186274509803922,2.19947209653092,3.71409567243242,0.000788474218054206,0.0199062579253006,0.0181001231047768,"YKL016C/YDR322C-A/YDL004W/YPL271W/YJR121W/YPL078C/YLR295C/YDR226W/YML081C-A/YKR080W/YDL166C/YOR128C/YPR020W/YDR400W/YOL077W-A/YML022W/YGL234W/YBR252W/YER170W",19
"54","Upregulated","GO:0071826","protein-RNA complex organization","29/546","185/6447",0.156756756756757,1.85093555093555,3.57194419688693,0.000795660938539032,0.0199062579253006,0.0181001231047768,"YKL009W/YGR085C/YNL302C/YML024W/YLR075W/YIL148W/YKR094C/YMR186W/YOL121C/YLR264W/YDR447C/YEL054C/YLR009W/YOR369C/YPR102C/YLR448W/YLR325C/YMR260C/YNL175C/YNCG0045C/YBR048W/YKL006W/YJR014W/YNCG0044C/YKL074C/YJR055W/YNCE0011C/YPL211W/YNCL0006W",29
"55","Upregulated","GO:0009086","methionine biosynthetic process","9/546","32/6447",0.28125,3.32091346153846,4.003264366863,0.000998462090898395,0.0245258597237042,0.022300579140257,"YLR303W/YER052C/YPR167C/YKL001C/YLL062C/YIR017C/YNL277W/YPL273W/YHR137W",9
"56","Upregulated","GO:0140694","membraneless organelle assembly","27/546","171/6447",0.157894736842105,1.86437246963563,3.48446557679695,0.00106796952677935,0.0257647648335519,0.0234270758975847,"YKL009W/YGR085C/YNL302C/YER131W/YML024W/YLR075W/YDR507C/YIL148W/YIL070C/YKR094C/YOL121C/YLR264W/YDR447C/YEL054C/YOR058C/YLR009W/YMR001C/YOR369C/YPR102C/YLR448W/YGR108W/YGL126W/YBR048W/YKL006W/YPR119W/YKL089W/YPL211W",27
"57","Upregulated","GO:0170034","L-amino acid biosynthetic process","19/546","105/6447",0.180952380952381,2.13663003663004,3.57173577577475,0.00113626821529874,0.0269315501555894,0.0244879964405102,"YLR303W/YOR375C/YER052C/YPR167C/YKL001C/YNL037C/YOL058W/YOR136W/YIL074C/YGR124W/YDR354W/YLL062C/YER055C/YJL200C/YIR017C/YNL277W/YLR438W/YPL273W/YHR137W",19
"58","Upregulated","GO:0016053","organic acid biosynthetic process","29/546","190/6447",0.152631578947368,1.80222672064777,3.41404712120273,0.00122699301311019,0.0273091101564182,0.0248312996630488,"YAL012W/YEL071W/YLR303W/YOR375C/YER052C/YPR167C/YPL061W/YKL001C/YNL037C/YOL058W/YOR136W/YIL074C/YGR124W/YDR354W/YGL148W/YLR372W/YLL062C/YER055C/YLR058C/YJL200C/YIR017C/YBR084W/YNL277W/YLR438W/YGR286C/YPL273W/YJR137C/YHR137W/YCR034W",29
"59","Upregulated","GO:0046394","carboxylic acid biosynthetic process","29/546","190/6447",0.152631578947368,1.80222672064777,3.41404712120273,0.00122699301311019,0.0273091101564182,0.0248312996630488,"YAL012W/YEL071W/YLR303W/YOR375C/YER052C/YPR167C/YPL061W/YKL001C/YNL037C/YOL058W/YOR136W/YIL074C/YGR124W/YDR354W/YGL148W/YLR372W/YLL062C/YER055C/YLR058C/YJL200C/YIR017C/YBR084W/YNL277W/YLR438W/YGR286C/YPL273W/YJR137C/YHR137W/YCR034W",29
"60","Upregulated","GO:0072521","purine-containing compound metabolic process","29/546","190/6447",0.152631578947368,1.80222672064777,3.41404712120273,0.00122699301311019,0.0273091101564182,0.0248312996630488,"YMR145C/YIL155C/YKL016C/YNR001C/YLR174W/YDR322C-A/YDL004W/YPL061W/YPL271W/YJR121W/YPL078C/YLR295C/YDR226W/YML081C-A/YGR244C/YKR080W/YNL241C/YOR095C/YOR128C/YPR020W/YOR222W/YGL126W/YDR400W/YOL077W-A/YPL273W/YML022W/YGL234W/YBR252W/YER170W",29
"61","Upregulated","GO:0000027","ribosomal large subunit assembly","11/546","46/6447",0.239130434782609,2.82357859531773,3.77535811044653,0.00125101572697585,0.0273091101564182,0.0248312996630488,"YKL009W/YGR085C/YLR075W/YIL148W/YKR094C/YEL054C/YLR009W/YPR102C/YLR448W/YKL006W/YPL211W",11
"62","Upregulated","GO:0009144","purine nucleoside triphosphate metabolic process","13/546","60/6447",0.216666666666667,2.55833333333333,3.68863932683745,0.00125326782361061,0.0273091101564182,0.0248312996630488,"YKL016C/YDR322C-A/YDL004W/YPL271W/YJR121W/YPL078C/YLR295C/YDR226W/YML081C-A/YPR020W/YOL077W-A/YBR252W/YER170W",13
"63","Upregulated","GO:0046942","carboxylic acid transport","15/546","76/6447",0.197368421052632,2.33046558704453,3.54883088486042,0.00150235580899908,0.0320388252852924,0.0291318782250467,"YCL025C/YJR095W/YBR068C/YKL217W/YPL265W/YGR243W/YMR241W/YKR013W/YAL067C/YDR135C/YOR222W/YDR508C/YHL036W/YGL080W/YGR055W",15
"64","Upregulated","GO:0005975","carbohydrate metabolic process","37/546","265/6447",0.139622641509434,1.64862119013062,3.27965555153069,0.00151775338139061,0.0320388252852924,0.0291318782250467,"YKR097W/YNR073C/YLR377C/YNR071C/YMR145C/YJL034W/YIL155C/YFR015C/YNR001C/YNR067C/YMR305C/YLR174W/YPL201C/YER065C/YGL062W/YHL032C/YIL162W/YHR043C/YBR299W/YPR001W/YGR189C/YEL070W/YML028W/YNL117W/YER003C/YMR215W/YLR286C/YFR042W/YJR159W/YNL241C/YBR297W/YOR095C/YIL123W/YGL028C/YFL053W/YJR030C/YKL127W",37
"65","Upregulated","GO:0072522","purine-containing compound biosynthetic process","17/546","92/6447",0.184782608695652,2.18185618729097,3.47279729074519,0.00160714855324141,0.0334039645450637,0.0303731556539712,"YKL016C/YDR322C-A/YDL004W/YPL271W/YJR121W/YPL078C/YLR295C/YDR226W/YML081C-A/YKR080W/YOR128C/YPR020W/YDR400W/YOL077W-A/YML022W/YGL234W/YER170W",17
"66","Upregulated","GO:0044272","sulfur compound biosynthetic process","16/546","85/6447",0.188235294117647,2.22262443438914,3.45131314937005,0.00178712097226537,0.0365818247504624,0.0332626822110637,"YAL012W/YLR303W/YER052C/YPR167C/YKL001C/YDR380W/YLL062C/YJR010W/YIR017C/YNL277W/YFL059W/YOL049W/YGR286C/YPL273W/YJR137C/YHR137W",16
"67","Upregulated","GO:0006790","sulfur compound metabolic process","22/546","134/6447",0.164179104477612,1.93857634902411,3.33951020906265,0.00181850580933318,0.0366686768419272,0.0333416540375777,"YAL012W/YNR001C/YLR303W/YKR076W/YER052C/YPR167C/YKL001C/YDR380W/YLL062C/YJR010W/YGR244C/YLL060C/YIR017C/YNL277W/YFL059W/YDR135C/YGL126W/YOL049W/YGR286C/YPL273W/YJR137C/YHR137W",22
"68","Upregulated","GO:0015849","organic acid transport","15/546","78/6447",0.192307692307692,2.2707100591716,3.43428876743669,0.00197249748302422,0.038668684627649,0.0351601970941341,"YCL025C/YJR095W/YBR068C/YKL217W/YPL265W/YGR243W/YMR241W/YKR013W/YAL067C/YDR135C/YOR222W/YDR508C/YHL036W/YGL080W/YGR055W",15
"69","Upregulated","GO:0019646","aerobic electron transport chain","9/546","35/6447",0.257142857142857,3.03626373626374,3.67409140802724,0.00199827598766999,0.038668684627649,0.0351601970941341,"YJR048W/YNL052W/YGL187C/YDL067C/YDR529C/YHR051W/YPR191W/YLR395C/YMR256C",9
"70","Upregulated","GO:0006812","monoatomic cation transport","31/546","214/6447",0.144859813084112,1.71046010064702,3.2149681948112,0.00200355878899736,0.038668684627649,0.0351601970941341,"YNR072W/YDR536W/YEL069C/YKL016C/YDR322C-A/YDL004W/YNL052W/YPL271W/YBL030C/YGL187C/YJR121W/YDL067C/YKL217W/YDR529C/YPL078C/YER053C/YLR295C/YHR051W/YER145C/YPR191W/YML081C-A/YLL009C/YLR038C/YLR395C/YMR058W/YPR020W/YDR135C/YOL077W-A/YMR256C/YLR136C/YJL214W",31
"71","Upregulated","GO:0022904","respiratory electron transport chain","10/546","42/6447",0.238095238095238,2.81135531135531,3.58217989165118,0.00213943814395344,0.0406226562365253,0.0369368809287663,"YJR048W/YNL052W/YGL187C/YDL067C/YDR529C/YOR356W/YHR051W/YPR191W/YLR395C/YMR256C",10
"72","Upregulated","GO:0009067","aspartate family amino acid biosynthetic process","11/546","49/6447",0.224489795918367,2.65070643642072,3.52796632807557,0.00216493800816419,0.0406226562365253,0.0369368809287663,"YLR303W/YER052C/YPR167C/YKL001C/YGR124W/YLL062C/YJL200C/YIR017C/YNL277W/YPL273W/YHR137W",11
"73","Upregulated","GO:0006811","monoatomic ion transport","33/546","234/6447",0.141025641025641,1.66518737672584,3.15268017310319,0.00227986009665656,0.041625943600116,0.0378491380118707,"YNR072W/YDR536W/YEL069C/YKL016C/YBR294W/YDR322C-A/YDL004W/YNL052W/YPL271W/YBL030C/YGL187C/YJR121W/YDL067C/YKL217W/YDR529C/YPL078C/YER053C/YLR295C/YHR051W/YER145C/YPR191W/YML081C-A/YLL009C/YLR038C/YLR395C/YMR203W/YMR058W/YPR020W/YDR135C/YOL077W-A/YMR256C/YLR136C/YJL214W",33
"74","Upregulated","GO:0043436","oxoacid metabolic process","48/546","376/6447",0.127659574468085,1.50736497545008,3.08363491384519,0.00228002947920695,0.041625943600116,0.0378491380118707,"YPR002W/YPL262W/YPL111W/YAL012W/YNR001C/YEL071W/YLR174W/YLR303W/YOR375C/YER065C/YGL062W/YER052C/YPR167C/YPR006C/YPL061W/YKL001C/YNL037C/YOL058W/YBL015W/YOR136W/YPR001W/YIL074C/YGR124W/YDR354W/YDR380W/YNL117W/YGL148W/YLR372W/YLL062C/YJR010W/YFR049W/YER055C/YNL217W/YLR058C/YJL200C/YIR017C/YBR084W/YNL277W/YLR438W/YGR286C/YCL026C-A/YPL273W/YJR137C/YNL229C/YAR035W/YDL219W/YHR137W/YCR034W",48
"75","Upregulated","GO:0006457","protein folding","22/546","137/6447",0.160583941605839,1.89612577203818,3.22472909573867,0.00242736894803575,0.0420171759162217,0.0382048730330209,"YBR072W/YJL034W/YPL106C/YLR216C/YOR020C/YER103W/YGR211W/YJR045C/YGR142W/YML028W/YML078W/YDL100C/YKL073W/YLR259C/YCL043C/YOR288C/YMR186W/YFR041C/YNL281W/YDR519W/YDR363W-A/YLR200W",22
"76","Upregulated","GO:0019752","carboxylic acid metabolic process","46/546","358/6447",0.128491620111732,1.51718951439622,3.06264671250804,0.00246127073178686,0.0420171759162217,0.0382048730330209,"YPR002W/YPL262W/YPL111W/YAL012W/YNR001C/YEL071W/YLR174W/YLR303W/YOR375C/YER065C/YGL062W/YER052C/YPR167C/YPR006C/YPL061W/YKL001C/YNL037C/YOL058W/YBL015W/YOR136W/YPR001W/YIL074C/YGR124W/YDR354W/YDR380W/YNL117W/YGL148W/YLR372W/YLL062C/YJR010W/YFR049W/YER055C/YLR058C/YJL200C/YIR017C/YBR084W/YNL277W/YLR438W/YGR286C/YCL026C-A/YPL273W/YJR137C/YAR035W/YDL219W/YHR137W/YCR034W",46
"77","Upregulated","GO:0009069","serine family amino acid metabolic process","9/546","36/6447",0.25,2.95192307692308,3.57215031167998,0.00246864653560916,0.0420171759162217,0.0382048730330209,"YAL012W/YLR303W/YER052C/YPR167C/YKL001C/YIL074C/YLR058C/YIR017C/YNL277W",9
"78","Upregulated","GO:0042773","ATP synthesis coupled electron transport","9/546","36/6447",0.25,2.95192307692308,3.57215031167998,0.00246864653560916,0.0420171759162217,0.0382048730330209,"YJR048W/YNL052W/YGL187C/YDL067C/YDR529C/YHR051W/YPR191W/YLR395C/YMR256C",9
"79","Upregulated","GO:0042775","mitochondrial ATP synthesis coupled electron transport","9/546","36/6447",0.25,2.95192307692308,3.57215031167998,0.00246864653560916,0.0420171759162217,0.0382048730330209,"YJR048W/YNL052W/YGL187C/YDL067C/YDR529C/YHR051W/YPR191W/YLR395C/YMR256C",9
"80","Upregulated","GO:0006082","organic acid metabolic process","48/546","378/6447",0.126984126984127,1.4993894993895,3.04372493410484,0.00254309487315001,0.0420171759162217,0.0382048730330209,"YPR002W/YPL262W/YPL111W/YAL012W/YNR001C/YEL071W/YLR174W/YLR303W/YOR375C/YER065C/YGL062W/YER052C/YPR167C/YPR006C/YPL061W/YKL001C/YNL037C/YOL058W/YBL015W/YOR136W/YPR001W/YIL074C/YGR124W/YDR354W/YDR380W/YNL117W/YGL148W/YLR372W/YLL062C/YJR010W/YFR049W/YER055C/YNL217W/YLR058C/YJL200C/YIR017C/YBR084W/YNL277W/YLR438W/YGR286C/YCL026C-A/YPL273W/YJR137C/YNL229C/YAR035W/YDL219W/YHR137W/YCR034W",48
"81","Upregulated","GO:0009150","purine ribonucleotide metabolic process","15/546","80/6447",0.1875,2.21394230769231,3.32318317712145,0.00255916662450919,0.0420171759162217,0.0382048730330209,"YKL016C/YDR322C-A/YDL004W/YPL271W/YJR121W/YPL078C/YLR295C/YDR226W/YML081C-A/YOR128C/YPR020W/YOL077W-A/YML022W/YGL234W/YER170W",15
"82","Upregulated","GO:0008219","cell death","10/546","43/6447",0.232558139534884,2.74597495527728,3.4940188252551,0.00258136609996033,0.0420171759162217,0.0382048730330209,"YMR145C/YPL171C/YDR032C/YBL030C/YDL003W/YJL208C/YHR179W/YML078W/YBR052C/YOR197W",10
"83","Upregulated","GO:0012501","programmed cell death","10/546","43/6447",0.232558139534884,2.74597495527728,3.4940188252551,0.00258136609996033,0.0420171759162217,0.0382048730330209,"YMR145C/YPL171C/YDR032C/YBL030C/YDL003W/YJL208C/YHR179W/YML078W/YBR052C/YOR197W",10
"84","Upregulated","GO:0009205","purine ribonucleoside triphosphate metabolic process","12/546","58/6447",0.206896551724138,2.44297082228117,3.35763719191909,0.00288558119629739,0.0458637670140915,0.0417024551836416,"YKL016C/YDR322C-A/YDL004W/YPL271W/YJR121W/YPL078C/YLR295C/YDR226W/YML081C-A/YPR020W/YOL077W-A/YER170W",12
"85","Upregulated","GO:0070972","protein localization to endoplasmic reticulum","12/546","58/6447",0.206896551724138,2.44297082228117,3.35763719191909,0.00288558119629739,0.0458637670140915,0.0417024551836416,"YJL034W/YNCE0024W/YER103W/YAL007C/YGL200C/YMR040W/YAR002C-A/YDL100C/YKL073W/YLR378C/YBL040C/YML055W",12
"86","Upregulated","GO:1990748","cellular detoxification","9/546","37/6447",0.243243243243243,2.87214137214137,3.4736747570694,0.00302275241138857,0.0474853314858832,0.0431768918493325,"YKL071W/YKR076W/YHR055C/YHR008C/YDL168W/YML028W/YLR364W/YJR101W/YNL229C",9
"87","Upregulated","GO:1901293","nucleoside phosphate biosynthetic process","21/546","131/6447",0.16030534351145,1.89283617146213,3.14025581359378,0.00308305723100378,0.047492188184759,0.0431831264261279,"YKL016C/YDL055C/YDR322C-A/YDL004W/YPL271W/YJR121W/YPL078C/YLR295C/YER003C/YDR226W/YML081C-A/YKR080W/YDL166C/YOR128C/YPR020W/YDR400W/YOL077W-A/YML022W/YGL234W/YBR252W/YER170W",21
"88","Upregulated","GO:1905039","carboxylic acid transmembrane transport","10/546","44/6447",0.227272727272727,2.68356643356643,3.40834469976516,0.0030934956034484,0.047492188184759,0.0431831264261279,"YCL025C/YJR095W/YKL217W/YGR243W/YMR241W/YOR222W/YDR508C/YHL036W/YGL080W/YGR055W",10
"89","Downregulated","GO:0046496","nicotinamide nucleotide metabolic process","33/485","86/6447",0.383720930232558,5.10071925197794,10.9185910248226,4.49615027256407e-16,4.48287641402661e-13,3.77789434440166e-13,"YJL052W/YCR012W/YLR446W/YGR256W/YOL086C/YGR248W/YKL152C/YOR393W/YKL060C/YLR231C/YBR196C/YJR009C/YPL075W/YOL059W/YDR050C/YDL022W/YAL038W/YMR315W/YNL129W/YHR174W/YGR043C/YNL200C/YBR117C/YDL021W/YHR202W/YOL136C/YGR240C/YDL085W/YJR078W/YNR034W/YOR344C/YOR347C/YMR323W",33
"90","Downregulated","GO:0019362","pyridine nucleotide metabolic process","33/485","87/6447",0.379310344827586,5.04209029505866,10.8257280570864,6.74623990071724e-16,4.48287641402661e-13,3.77789434440166e-13,"YJL052W/YCR012W/YLR446W/YGR256W/YOL086C/YGR248W/YKL152C/YOR393W/YKL060C/YLR231C/YBR196C/YJR009C/YPL075W/YOL059W/YDR050C/YDL022W/YAL038W/YMR315W/YNL129W/YHR174W/YGR043C/YNL200C/YBR117C/YDL021W/YHR202W/YOL136C/YGR240C/YDL085W/YJR078W/YNR034W/YOR344C/YOR347C/YMR323W",33
"91","Downregulated","GO:0072523","purine-containing compound catabolic process","24/485","47/6447",0.51063829787234,6.78780434305769,11.3577633990432,1.97126554436244e-15,7.61367334092184e-13,6.41633870717266e-13,"YNL141W/YJL052W/YCR012W/YLR446W/YKL152C/YOR393W/YKL060C/YBR196C/YJR009C/YPL075W/YDR050C/YAL038W/YHR174W/YDL238C/YDL021W/YHR202W/YMR278W/YOL136C/YIR027C/YGR240C/YOR344C/YDR319C/YOR347C/YMR323W",24
"92","Downregulated","GO:0072524","pyridine-containing compound metabolic process","35/485","101/6447",0.346534653465347,4.60641012554864,10.4185145065081,2.29154953827595e-15,7.61367334092184e-13,6.41633870717266e-13,"YJL052W/YOR047C/YCR012W/YLR446W/YGR256W/YOL086C/YGR248W/YKL152C/YOR393W/YKL060C/YLR231C/YBR196C/YJR009C/YPL075W/YOL059W/YDR050C/YDL022W/YAL038W/YMR315W/YNL129W/YHR174W/YGR043C/YNL200C/YBR117C/YDL021W/YHR202W/YOL136C/YGR240C/YDL085W/YJR078W/YNR034W/YOR344C/YNL334C/YOR347C/YMR323W",35
"93","Downregulated","GO:0032787","monocarboxylic acid metabolic process","46/485","175/6447",0.262857142857143,3.4941030927835,9.54004524592282,1.31013778538925e-14,3.48234623356462e-12,2.93470863927191e-12,"YPL095C/YJL052W/YKR009C/YGL055W/YCR012W/YLR446W/YOR317W/YLR044C/YGR256W/YKL152C/YGR019W/YOL002C/YOR393W/YKL060C/YLR231C/YBR196C/YJR009C/YPL075W/YMR170C/YDR050C/YAL038W/YCL018W/YOR391C/YMR272C/YGL205W/YHR174W/YER010C/YMR169C/YMR207C/YML054C/YDL021W/YOR363C/YLR134W/YOL136C/YIL160C/YHR067W/YGR240C/YER061C/YPL017C/YKL188C/YFR055W/YOR344C/YJR019C/YOR100C/YOR347C/YMR323W",46
"94","Downregulated","GO:0019364","pyridine nucleotide catabolic process","19/485","33/6447",0.575757575757576,7.65342080599813,10.9284235407538,9.70889305029872e-14,2.15051981064117e-11,1.81232670272243e-11,"YJL052W/YCR012W/YLR446W/YKL152C/YOR393W/YKL060C/YBR196C/YJR009C/YPL075W/YDR050C/YAL038W/YHR174W/YDL021W/YHR202W/YOL136C/YGR240C/YOR344C/YOR347C/YMR323W",19
"95","Downregulated","GO:0046434","organophosphate catabolic process","26/485","64/6447",0.40625,5.40019329896907,10.0894932502131,1.29711268277955e-13,2.46266107916288e-11,2.07538029244728e-11,"YJL052W/YCR012W/YLR446W/YKL152C/YKR031C/YOR393W/YKL060C/YBR196C/YJR009C/YPL075W/YOL059W/YDR050C/YDL022W/YAL038W/YHR174W/YER037W/YDL021W/YHR202W/YOL136C/YPL206C/YGR240C/YCR068W/YOR344C/YDR319C/YOR347C/YMR323W",26
"96","Downregulated","GO:0006090","pyruvate metabolic process","22/485","47/6447",0.468085106382979,6.22215398113621,10.2477530053792,3.03292847901364e-13,3.96247165619533e-11,3.33932901048817e-11,"YJL052W/YCR012W/YLR446W/YLR044C/YKL152C/YOR393W/YKL060C/YBR196C/YJR009C/YPL075W/YDR050C/YAL038W/YHR174W/YDL021W/YLR134W/YOL136C/YGR240C/YPL017C/YFR055W/YOR344C/YOR347C/YMR323W",22
"97","Downregulated","GO:0006096","glycolytic process","18/485","31/6447",0.580645161290323,7.71839042234785,10.6938463907952,3.6188077735578e-13,3.96247165619533e-11,3.33932901048817e-11,"YJL052W/YCR012W/YLR446W/YKL152C/YOR393W/YKL060C/YBR196C/YJR009C/YPL075W/YDR050C/YAL038W/YHR174W/YDL021W/YOL136C/YGR240C/YOR344C/YOR347C/YMR323W",18
"98","Downregulated","GO:0009137","purine nucleoside diphosphate catabolic process","18/485","31/6447",0.580645161290323,7.71839042234785,10.6938463907952,3.6188077735578e-13,3.96247165619533e-11,3.33932901048817e-11,"YJL052W/YCR012W/YLR446W/YKL152C/YOR393W/YKL060C/YBR196C/YJR009C/YPL075W/YDR050C/YAL038W/YHR174W/YDL021W/YOL136C/YGR240C/YOR344C/YOR347C/YMR323W",18
"99","Downregulated","GO:0009181","purine ribonucleoside diphosphate catabolic process","18/485","31/6447",0.580645161290323,7.71839042234785,10.6938463907952,3.6188077735578e-13,3.96247165619533e-11,3.33932901048817e-11,"YJL052W/YCR012W/YLR446W/YKL152C/YOR393W/YKL060C/YBR196C/YJR009C/YPL075W/YDR050C/YAL038W/YHR174W/YDL021W/YOL136C/YGR240C/YOR344C/YOR347C/YMR323W",18
"100","Downregulated","GO:0046032","ADP catabolic process","18/485","31/6447",0.580645161290323,7.71839042234785,10.6938463907952,3.6188077735578e-13,3.96247165619533e-11,3.33932901048817e-11,"YJL052W/YCR012W/YLR446W/YKL152C/YOR393W/YKL060C/YBR196C/YJR009C/YPL075W/YDR050C/YAL038W/YHR174W/YDL021W/YOL136C/YGR240C/YOR344C/YOR347C/YMR323W",18
"101","Downregulated","GO:0005975","carbohydrate metabolic process","56/485","265/6447",0.211320754716981,2.80904104259872,8.57683174952075,3.95364948351928e-13,3.96247165619533e-11,3.33932901048817e-11,"YJL052W/YIL045W/YOR047C/YIL053W/YCR012W/YLR446W/YOL126C/YLR044C/YGR256W/YOL086C/YDR074W/YGR248W/YKL152C/YJR096W/YOR393W/YER062C/YKL060C/YBR196C/YPR026W/YJR009C/YPL075W/YOL059W/YLR189C/YDR050C/YDL022W/YAL038W/YCL018W/YHR174W/YGR043C/YHR104W/YKL038W/YPR184W/YGR143W/YNL242W/YDL021W/YKL035W/YML070W/YMR278W/YLR134W/YOL136C/YLR300W/YOL132W/YGR240C/YOL045W/YDL085W/YIL099W/YKR058W/YNR034W/YIL024C/YCL039W/YDL049C/YOR344C/YHR210C/YGR287C/YOR347C/YMR323W",56
"102","Downregulated","GO:0072526","pyridine-containing compound catabolic process","19/485","35/6447",0.542857142857143,7.2160824742268,10.5165688003906,4.17416126311021e-13,3.96247165619533e-11,3.33932901048817e-11,"YJL052W/YCR012W/YLR446W/YKL152C/YOR393W/YKL060C/YBR196C/YJR009C/YPL075W/YDR050C/YAL038W/YHR174W/YDL021W/YHR202W/YOL136C/YGR240C/YOR344C/YOR347C/YMR323W",19
"103","Downregulated","GO:0009191","ribonucleoside diphosphate catabolic process","18/485","32/6447",0.5625,7.47719072164948,10.4757078443567,7.70283985168293e-13,6.41018592834617e-11,5.40211304721423e-11,"YJL052W/YCR012W/YLR446W/YKL152C/YOR393W/YKL060C/YBR196C/YJR009C/YPL075W/YDR050C/YAL038W/YHR174W/YDL021W/YOL136C/YGR240C/YOR344C/YOR347C/YMR323W",18
"104","Downregulated","GO:0009166","nucleotide catabolic process","20/485","40/6447",0.5,6.64639175257732,10.2163008690112,7.71730435316318e-13,6.41018592834617e-11,5.40211304721423e-11,"YJL052W/YCR012W/YLR446W/YKL152C/YOR393W/YKL060C/YBR196C/YJR009C/YPL075W/YDR050C/YAL038W/YHR174W/YER037W/YDL021W/YHR202W/YOL136C/YGR240C/YOR344C/YOR347C/YMR323W",20
"105","Downregulated","GO:0006195","purine nucleotide catabolic process","19/485","36/6447",0.527777777777778,7.01563573883162,10.3226196805504,8.23109271678814e-13,6.43477777683026e-11,5.42283755458983e-11,"YJL052W/YCR012W/YLR446W/YKL152C/YOR393W/YKL060C/YBR196C/YJR009C/YPL075W/YDR050C/YAL038W/YHR174W/YDL021W/YHR202W/YOL136C/YGR240C/YOR344C/YOR347C/YMR323W",19
"106","Downregulated","GO:0072521","purine-containing compound metabolic process","45/485","190/6447",0.236842105263158,3.1482908301682,8.57248693157863,1.48450603157407e-12,9.98723280699465e-11,8.4166296040888e-11,"YNL141W/YJL052W/YCR012W/YLR446W/YOR317W/YGR256W/YOL086C/YJL116C/YGR248W/YKL152C/YOR393W/YKL060C/YLR231C/YBR196C/YJR009C/YPL075W/YOL059W/YDR050C/YDL022W/YAL038W/YMR315W/YNL129W/YJL005W/YML075C/YHR174W/YDL238C/YGR043C/YMR207C/YBR117C/YIR028W/YDL021W/YHR202W/YMR278W/YOL136C/YIR027C/YGR240C/YDL085W/YOR054C/YJR078W/YNR034W/YOR344C/YDR319C/YJR019C/YOR347C/YMR323W",45
"107","Downregulated","GO:0009134","nucleoside diphosphate catabolic process","18/485","33/6447",0.545454545454545,7.2506091846298,10.2667945631484,1.57811805076665e-12,9.98723280699465e-11,8.4166296040888e-11,"YJL052W/YCR012W/YLR446W/YKL152C/YOR393W/YKL060C/YBR196C/YJR009C/YPL075W/YDR050C/YAL038W/YHR174W/YDL021W/YOL136C/YGR240C/YOR344C/YOR347C/YMR323W",18
"108","Downregulated","GO:0009154","purine ribonucleotide catabolic process","18/485","33/6447",0.545454545454545,7.2506091846298,10.2667945631484,1.57811805076665e-12,9.98723280699465e-11,8.4166296040888e-11,"YJL052W/YCR012W/YLR446W/YKL152C/YOR393W/YKL060C/YBR196C/YJR009C/YPL075W/YDR050C/YAL038W/YHR174W/YDL021W/YOL136C/YGR240C/YOR344C/YOR347C/YMR323W",18
"109","Downregulated","GO:0046031","ADP metabolic process","18/485","33/6447",0.545454545454545,7.2506091846298,10.2667945631484,1.57811805076665e-12,9.98723280699465e-11,8.4166296040888e-11,"YJL052W/YCR012W/YLR446W/YKL152C/YOR393W/YKL060C/YBR196C/YJR009C/YPL075W/YDR050C/YAL038W/YHR174W/YDL021W/YOL136C/YGR240C/YOR344C/YOR347C/YMR323W",18
"110","Downregulated","GO:0009135","purine nucleoside diphosphate metabolic process","18/485","34/6447",0.529411764705882,7.03735597331716,10.0664341283591,3.12296373216421e-12,1.72934116668593e-10,1.45738307500997e-10,"YJL052W/YCR012W/YLR446W/YKL152C/YOR393W/YKL060C/YBR196C/YJR009C/YPL075W/YDR050C/YAL038W/YHR174W/YDL021W/YOL136C/YGR240C/YOR344C/YOR347C/YMR323W",18
"111","Downregulated","GO:0009179","purine ribonucleoside diphosphate metabolic process","18/485","34/6447",0.529411764705882,7.03735597331716,10.0664341283591,3.12296373216421e-12,1.72934116668593e-10,1.45738307500997e-10,"YJL052W/YCR012W/YLR446W/YKL152C/YOR393W/YKL060C/YBR196C/YJR009C/YPL075W/YDR050C/YAL038W/YHR174W/YDL021W/YOL136C/YGR240C/YOR344C/YOR347C/YMR323W",18
"112","Downregulated","GO:0009261","ribonucleotide catabolic process","18/485","34/6447",0.529411764705882,7.03735597331716,10.0664341283591,3.12296373216421e-12,1.72934116668593e-10,1.45738307500997e-10,"YJL052W/YCR012W/YLR446W/YKL152C/YOR393W/YKL060C/YBR196C/YJR009C/YPL075W/YDR050C/YAL038W/YHR174W/YDL021W/YOL136C/YGR240C/YOR344C/YOR347C/YMR323W",18
"113","Downregulated","GO:1901292","nucleoside phosphate catabolic process","21/485","48/6447",0.4375,5.81559278350515,9.55068128730704,5.48027825679392e-12,2.91331592131165e-10,2.45516465904368e-10,"YJL052W/YCR012W/YLR446W/YKL152C/YOR393W/YKL060C/YBR196C/YJR009C/YPL075W/YDR050C/YAL038W/YHR174W/YER037W/YDL021W/YHR202W/YOL136C/YGR240C/YOR344C/YDR319C/YOR347C/YMR323W",21
"114","Downregulated","GO:0009185","ribonucleoside diphosphate metabolic process","18/485","36/6447",0.5,6.64639175257732,9.68900996664611,1.11522131226917e-11,5.70049663079128e-10,4.80403026823644e-10,"YJL052W/YCR012W/YLR446W/YKL152C/YOR393W/YKL060C/YBR196C/YJR009C/YPL075W/YDR050C/YAL038W/YHR174W/YDL021W/YOL136C/YGR240C/YOR344C/YOR347C/YMR323W",18
"115","Downregulated","GO:0009132","nucleoside diphosphate metabolic process","18/485","39/6447",0.461538461538462,6.13513084853291,9.17365916296384,6.18936859479443e-11,3.04654476388215e-09,2.56744178747028e-09,"YJL052W/YCR012W/YLR446W/YKL152C/YOR393W/YKL060C/YBR196C/YJR009C/YPL075W/YDR050C/YAL038W/YHR174W/YDL021W/YOL136C/YGR240C/YOR344C/YOR347C/YMR323W",18
"116","Downregulated","GO:0055086","nucleobase-containing small molecule metabolic process","51/485","260/6447",0.196153846153846,2.60743061062649,7.54568870311687,9.02292426771703e-11,4.28266655421284e-09,3.60916970708681e-09,"YNL141W/YJL052W/YOR047C/YCR012W/YLR446W/YOR317W/YMR271C/YGR256W/YOL086C/YJL116C/YGR248W/YKL152C/YOR393W/YKL060C/YLR231C/YBR196C/YJR009C/YPL075W/YOL059W/YDR050C/YDL022W/YAL038W/YMR315W/YNL129W/YJL005W/YML075C/YHR174W/YDL238C/YER037W/YGR043C/YMR207C/YNL200C/YBR117C/YIR028W/YDL021W/YKL035W/YHR202W/YMR278W/YOL136C/YIR027C/YGR240C/YDL085W/YCR026C/YOR054C/YJR078W/YNR034W/YOR344C/YDR319C/YJR019C/YOR347C/YMR323W",51
"117","Downregulated","GO:0016052","carbohydrate catabolic process","29/485","102/6447",0.284313725490196,3.77932080048514,8.06943233826666,1.57401167864088e-10,7.21331558935768e-09,6.07894165544063e-09,"YJL052W/YCR012W/YLR446W/YKL152C/YJR096W/YOR393W/YKL060C/YBR196C/YPR026W/YJR009C/YPL075W/YDR050C/YAL038W/YHR174W/YHR104W/YPR184W/YNL242W/YDL021W/YML070W/YOL136C/YLR300W/YGR240C/YIL099W/YIL024C/YOR344C/YHR210C/YGR287C/YOR347C/YMR323W",29
"118","Downregulated","GO:1901136","carbohydrate derivative catabolic process","21/485","57/6447",0.368421052631579,4.89734129137276,8.42898869883834,2.75511559324837e-10,1.22051620780903e-08,1.02857648814606e-08,"YJL052W/YCR012W/YLR446W/YKL152C/YOR393W/YKL060C/YBR196C/YJR009C/YPL075W/YOL059W/YDR050C/YDL022W/YAL038W/YHR174W/YDL021W/YMR278W/YOL136C/YGR240C/YOR344C/YOR347C/YMR323W",21
"119","Downregulated","GO:0006163","purine nucleotide metabolic process","34/485","140/6447",0.242857142857143,3.22824742268041,7.60214325583112,4.44911856589029e-10,1.90738018518329e-08,1.60742348187004e-08,"YJL052W/YCR012W/YLR446W/YGR256W/YOL086C/YJL116C/YGR248W/YKL152C/YOR393W/YKL060C/YLR231C/YBR196C/YJR009C/YPL075W/YOL059W/YDR050C/YDL022W/YAL038W/YMR315W/YNL129W/YJL005W/YHR174W/YGR043C/YBR117C/YDL021W/YHR202W/YOL136C/YGR240C/YDL085W/YJR078W/YNR034W/YOR344C/YOR347C/YMR323W",34
"120","Downregulated","GO:0006091","generation of precursor metabolites and energy","44/485","218/6447",0.201834862385321,2.68294712948075,7.20957373774169,7.48798139404932e-10,3.10985227271611e-08,2.62079348791726e-08,"YJL052W/YIL045W/YMR118C/YCR012W/YLR446W/YOL126C/YLR044C/YGR256W/YOL086C/YJL116C/YGR248W/YKL152C/YLR164W/YOR393W/YKL060C/YBR196C/YJR009C/YPL075W/YDR050C/YAL038W/YMR315W/YHR174W/YGR043C/YBR117C/YIL111W/YLR087C/YPR184W/YBR238C/YNL242W/YDL021W/YKL035W/YML070W/YLR134W/YOL136C/YGR240C/YOL045W/YDL085W/YIL099W/YKR058W/YNR034W/YIL024C/YOR344C/YOR347C/YMR323W",44
"121","Downregulated","GO:0006753","nucleoside phosphate metabolic process","46/485","243/6447",0.189300411522634,2.51632938780705,6.87196325053983,2.71315044770669e-09,1.09265968030369e-07,9.20826818615603e-08,"YNL141W/YJL052W/YCR012W/YLR446W/YOR317W/YMR271C/YGR256W/YOL086C/YJL116C/YGR248W/YKL152C/YOR393W/YKL060C/YLR231C/YBR196C/YJR009C/YPL075W/YOL059W/YDR050C/YDL022W/YAL038W/YMR315W/YNL129W/YJL005W/YML075C/YHR174W/YER037W/YGR043C/YMR207C/YNL200C/YBR117C/YDL021W/YKL035W/YHR202W/YOL136C/YGR240C/YDL085W/YCR026C/YOR054C/YJR078W/YNR034W/YOR344C/YDR319C/YJR019C/YOR347C/YMR323W",46
"122","Downregulated","GO:0046034","ATP metabolic process","19/485","53/6447",0.358490566037736,4.76533748297997,7.85010671250789,3.39372240817874e-09,1.3265462001381e-07,1.11793208740006e-07,"YJL052W/YCR012W/YLR446W/YJL116C/YKL152C/YOR393W/YKL060C/YBR196C/YJR009C/YPL075W/YDR050C/YAL038W/YHR174W/YDL021W/YOL136C/YGR240C/YOR344C/YOR347C/YMR323W",19
"123","Downregulated","GO:0043436","oxoacid metabolic process","61/485","376/6447",0.162234042553191,2.15654200482562,6.59090801843247,3.75330484787967e-09,1.42518346938059e-07,1.20105755132149e-07,"YGR087C/YPL095C/YJL052W/YKR009C/YDR089W/YKR034W/YGL055W/YCR012W/YLR446W/YOR317W/YOL126C/YLR044C/YGR256W/YMR250W/YKL152C/YPR035W/YGR019W/YOL002C/YOR393W/YKL060C/YLR231C/YBR196C/YJR009C/YPL075W/YLR142W/YMR170C/YHR205W/YDR050C/YAL038W/YCL018W/YOR391C/YMR272C/YGL205W/YHR174W/YER010C/YMR169C/YMR207C/YMR009W/YJR148W/YCL064C/YML054C/YDL021W/YOR363C/YLR134W/YOL136C/YCR037C/YIL160C/YHR067W/YHR208W/YGR240C/YER061C/YPL017C/YJR078W/YKL188C/YFR055W/YOR344C/YGL009C/YJR019C/YOR100C/YOR347C/YMR323W",61
"124","Downregulated","GO:0006082","organic acid metabolic process","61/485","378/6447",0.161375661375661,2.14513172966781,6.54429418076114,4.63812469273767e-09,1.71224103240232e-07,1.4429721266295e-07,"YGR087C/YPL095C/YJL052W/YKR009C/YDR089W/YKR034W/YGL055W/YCR012W/YLR446W/YOR317W/YOL126C/YLR044C/YGR256W/YMR250W/YKL152C/YPR035W/YGR019W/YOL002C/YOR393W/YKL060C/YLR231C/YBR196C/YJR009C/YPL075W/YLR142W/YMR170C/YHR205W/YDR050C/YAL038W/YCL018W/YOR391C/YMR272C/YGL205W/YHR174W/YER010C/YMR169C/YMR207C/YMR009W/YJR148W/YCL064C/YML054C/YDL021W/YOR363C/YLR134W/YOL136C/YCR037C/YIL160C/YHR067W/YHR208W/YGR240C/YER061C/YPL017C/YJR078W/YKL188C/YFR055W/YOR344C/YGL009C/YJR019C/YOR100C/YOR347C/YMR323W",61
"125","Downregulated","GO:0009117","nucleotide metabolic process","38/485","185/6447",0.205405405405405,2.73040958484257,6.81080237220987,6.89023823076813e-09,2.47489908342996e-07,2.085693734719e-07,"YNL141W/YJL052W/YCR012W/YLR446W/YMR271C/YGR256W/YOL086C/YJL116C/YGR248W/YKL152C/YOR393W/YKL060C/YLR231C/YBR196C/YJR009C/YPL075W/YOL059W/YDR050C/YDL022W/YAL038W/YMR315W/YNL129W/YJL005W/YHR174W/YER037W/YGR043C/YNL200C/YBR117C/YDL021W/YHR202W/YOL136C/YGR240C/YDL085W/YJR078W/YNR034W/YOR344C/YOR347C/YMR323W",38
"126","Downregulated","GO:0019752","carboxylic acid metabolic process","58/485","358/6447",0.162011173184358,2.15357945055578,6.40524979766881,9.99797169823862e-09,3.49665904919977e-07,2.94677060579665e-07,"YGR087C/YPL095C/YJL052W/YKR009C/YGL055W/YCR012W/YLR446W/YOR317W/YOL126C/YLR044C/YGR256W/YMR250W/YKL152C/YPR035W/YGR019W/YOL002C/YOR393W/YKL060C/YLR231C/YBR196C/YJR009C/YPL075W/YLR142W/YMR170C/YHR205W/YDR050C/YAL038W/YCL018W/YOR391C/YMR272C/YGL205W/YHR174W/YER010C/YMR169C/YMR207C/YMR009W/YJR148W/YCL064C/YML054C/YDL021W/YOR363C/YLR134W/YOL136C/YIL160C/YHR067W/YHR208W/YGR240C/YER061C/YPL017C/YJR078W/YKL188C/YFR055W/YOR344C/YGL009C/YJR019C/YOR100C/YOR347C/YMR323W",58
"127","Downregulated","GO:0009205","purine ribonucleoside triphosphate metabolic process","19/485","58/6447",0.327586206896552,4.35453252755066,7.31896371655272,1.89198862456873e-08,6.4473150821842e-07,5.4334032295307e-07,"YJL052W/YCR012W/YLR446W/YJL116C/YKL152C/YOR393W/YKL060C/YBR196C/YJR009C/YPL075W/YDR050C/YAL038W/YHR174W/YDL021W/YOL136C/YGR240C/YOR344C/YOR347C/YMR323W",19
"128","Downregulated","GO:0009144","purine nucleoside triphosphate metabolic process","19/485","60/6447",0.316666666666667,4.20938144329897,7.1230917494849,3.54213754019465e-08,1.17687519772967e-06,9.91798511254503e-07,"YJL052W/YCR012W/YLR446W/YJL116C/YKL152C/YOR393W/YKL060C/YBR196C/YJR009C/YPL075W/YDR050C/YAL038W/YHR174W/YDL021W/YOL136C/YGR240C/YOR344C/YOR347C/YMR323W",19
"129","Downregulated","GO:0006006","glucose metabolic process","19/485","62/6447",0.306451612903226,4.07359494512803,6.93556843310115,6.43383023697407e-08,2.08550253291184e-06,1.75753411351487e-06,"YJL052W/YOR047C/YCR012W/YLR446W/YOL126C/YLR044C/YOL086C/YKL152C/YKL060C/YBR196C/YJR009C/YDR050C/YKL038W/YMR278W/YLR134W/YGR240C/YDL085W/YCL039W/YHR210C",19
"130","Downregulated","GO:0044282","small molecule catabolic process","30/485","138/6447",0.217391304347826,2.88973554459883,6.40000547426578,7.45444945133455e-08,2.35880079067229e-06,1.98785318702255e-06,"YGR087C/YPL095C/YKR009C/YLR044C/YMR250W/YJR096W/YGR019W/YLR231C/YOL055C/YLR142W/YDR050C/YOR391C/YGL205W/YER010C/YHR104W/YJR148W/YCL064C/YML070W/YMR278W/YOR363C/YLR134W/YIL160C/YBR208C/YHR208W/YGR240C/YJR078W/YKL188C/YFR055W/YJR019C/YHR210C",30
"131","Downregulated","GO:0009199","ribonucleoside triphosphate metabolic process","19/485","63/6447",0.301587301587302,4.00893470790378,6.84473491816886,8.57951354576558e-08,2.65166825635406e-06,2.23466399331569e-06,"YJL052W/YCR012W/YLR446W/YJL116C/YKL152C/YOR393W/YKL060C/YBR196C/YJR009C/YPL075W/YDR050C/YAL038W/YHR174W/YDL021W/YOL136C/YGR240C/YOR344C/YOR347C/YMR323W",19
"132","Downregulated","GO:0009141","nucleoside triphosphate metabolic process","20/485","71/6447",0.28169014084507,3.74444605779004,6.63177454333072,1.38444551265613e-07,4.18165474163635e-06,3.52404312312469e-06,"YJL052W/YCR012W/YLR446W/YJL116C/YKL152C/YOR393W/YKL060C/YBR196C/YJR009C/YPL075W/YDR050C/YAL038W/YHR174W/YDL021W/YOL136C/YGR240C/YCR026C/YOR344C/YOR347C/YMR323W",20
"133","Downregulated","GO:0019318","hexose metabolic process","21/485","79/6447",0.265822784810127,3.53352472921832,6.46185487405368,2.00492365373147e-07,5.92120785735362e-06,4.99003220484278e-06,"YJL052W/YOR047C/YCR012W/YLR446W/YOL126C/YLR044C/YOL086C/YKL152C/YKL060C/YBR196C/YJR009C/YDR050C/YHR104W/YKL038W/YMR278W/YLR134W/YOL136C/YGR240C/YDL085W/YCL039W/YHR210C",21
"134","Downregulated","GO:0005996","monosaccharide metabolic process","22/485","88/6447",0.25,3.32319587628866,6.25824823806437,3.32256043585693e-07,9.59931047663882e-06,8.08971236556469e-06,"YJL052W/YOR047C/YCR012W/YLR446W/YOL126C/YLR044C/YOL086C/YKL152C/YJR096W/YKL060C/YBR196C/YJR009C/YDR050C/YHR104W/YKL038W/YMR278W/YLR134W/YOL136C/YGR240C/YDL085W/YCL039W/YHR210C",22
"135","Downregulated","GO:0009150","purine ribonucleotide metabolic process","20/485","80/6447",0.25,3.32319587628866,5.96325568316817,1.14459449880218e-06,3.23652359342147e-05,2.72754433757114e-05,"YJL052W/YCR012W/YLR446W/YJL116C/YKL152C/YOR393W/YKL060C/YBR196C/YJR009C/YPL075W/YDR050C/YAL038W/YJL005W/YHR174W/YDL021W/YOL136C/YGR240C/YOR344C/YOR347C/YMR323W",20
"136","Downregulated","GO:0045229","external encapsulating structure organization","40/485","241/6447",0.16597510373444,2.20627112118749,5.44336680326722,1.21262488795239e-06,3.28893566548718e-05,2.77171402960545e-05,"YHL028W/YOR092W/YJL116C/YCR032W/YJR151C/YLR436C/YKL096W-A/YMR176W/YDR077W/YJR066W/YDR293C/YGR225W/YDL239C/YBL105C/YKL096W/YHR102W/YGR143W/YKL129C/YHR079C/YBR043C/YOR009W/YLR300W/YGR023W/YOL132W/YOR010C/YLR425W/YNL194C/YER033C/YDR273W/YOR113W/YCR089W/YER011W/YKR019C/YJR150C/YDL049C/YCR045C/YHR139C/YHR021W-A/YNL128W/YBR076W",40
"137","Downregulated","GO:0071555","cell wall organization","40/485","241/6447",0.16597510373444,2.20627112118749,5.44336680326722,1.21262488795239e-06,3.28893566548718e-05,2.77171402960545e-05,"YHL028W/YOR092W/YJL116C/YCR032W/YJR151C/YLR436C/YKL096W-A/YMR176W/YDR077W/YJR066W/YDR293C/YGR225W/YDL239C/YBL105C/YKL096W/YHR102W/YGR143W/YKL129C/YHR079C/YBR043C/YOR009W/YLR300W/YGR023W/YOL132W/YOR010C/YLR425W/YNL194C/YER033C/YDR273W/YOR113W/YCR089W/YER011W/YKR019C/YJR150C/YDL049C/YCR045C/YHR139C/YHR021W-A/YNL128W/YBR076W",40
"138","Downregulated","GO:0031505","fungal-type cell wall organization","33/485","189/6447",0.174603174603175,2.32096219931271,5.25682532877407,3.47441023962872e-06,9.14271129335358e-05,7.70491847144922e-05,"YJL116C/YCR032W/YJR151C/YKL096W-A/YDR077W/YJR066W/YDR293C/YGR225W/YDL239C/YBL105C/YKL096W/YHR102W/YGR143W/YKL129C/YHR079C/YBR043C/YOR009W/YLR300W/YGR023W/YOL132W/YOR010C/YLR425W/YNL194C/YER033C/YDR273W/YOR113W/YER011W/YKR019C/YJR150C/YDL049C/YCR045C/YHR139C/YNL128W",33
"139","Downregulated","GO:0019637","organophosphate metabolic process","58/485","423/6447",0.137115839243499,1.82265116619142,4.99187215005988,3.50848966110634e-06,9.14271129335358e-05,7.70491847144922e-05,"YNL141W/YJL052W/YCR012W/YLR446W/YOR317W/YMR271C/YGR256W/YOL086C/YJL116C/YGR248W/YKL152C/YKR031C/YOR393W/YKL060C/YLR231C/YBR196C/YOL055C/YJR009C/YPL075W/YOL059W/YDR050C/YDL022W/YAL038W/YMR315W/YNL129W/YJL005W/YML075C/YMR272C/YHR174W/YER037W/YGR043C/YMR207C/YNL200C/YBR117C/YNL264C/YDL021W/YKL035W/YKR089C/YML070W/YHR202W/YOL136C/YPL206C/YGR240C/YDL085W/YCR026C/YOR054C/YJR078W/YNR034W/YGL071W/YCR068W/YOR344C/YDR319C/YJR019C/YNL106C/YNL334C/YOR347C/YMR323W/YNL128W",58
"140","Downregulated","GO:0046165","alcohol biosynthetic process","20/485","87/6447",0.229885057471264,3.05581230003555,5.50597915237202,4.67538963267483e-06,0.000115398262031022,9.72506045709142e-05,"YGR087C/YIL053W/YLR044C/YAL060W/YOL086C/YAL061W/YER062C/YOL055C/YGR144W/YML075C/YGR060W/YBR240C/YGR175C/YLR134W/YGL001C/YGL012W/YMR015C/YPR121W/YLR228C/YMR070W",20
"141","Downregulated","GO:0046395","carboxylic acid catabolic process","20/485","87/6447",0.229885057471264,3.05581230003555,5.50597915237202,4.67538963267483e-06,0.000115398262031022,9.72506045709142e-05,"YGR087C/YPL095C/YKR009C/YLR044C/YMR250W/YGR019W/YLR231C/YLR142W/YGL205W/YER010C/YJR148W/YCL064C/YOR363C/YLR134W/YIL160C/YHR208W/YJR078W/YKL188C/YFR055W/YJR019C",20
"142","Downregulated","GO:0006066","alcohol metabolic process","26/485","133/6447",0.195488721804511,2.59858925664677,5.31288549190646,4.68886843466908e-06,0.000115398262031022,9.72506045709142e-05,"YGR087C/YIL053W/YLR044C/YAL060W/YOL086C/YAL061W/YER062C/YOL055C/YOL059W/YGR144W/YDR050C/YML075C/YGR060W/YNR019W/YBR240C/YGR175C/YML070W/YHR079C/YLR134W/YGL001C/YGL012W/YDL085W/YMR015C/YPR121W/YLR228C/YMR070W",26
"143","Downregulated","GO:0044283","small molecule biosynthetic process","50/485","349/6447",0.143266475644699,1.9044102442915,4.95455336458304,5.03833612039588e-06,0.000121744521891021,0.000102598844633516,"YGR087C/YPL095C/YJL052W/YOR047C/YGL055W/YIL053W/YCR012W/YMR271C/YOL126C/YLR044C/YAL060W/YOL086C/YAL061W/YKL152C/YPR035W/YER062C/YKL060C/YLR231C/YBR196C/YOL055C/YJR009C/YMR170C/YGR144W/YDR050C/YCL018W/YOR391C/YML075C/YMR272C/YGR060W/YMR169C/YMR207C/YBR240C/YMR009W/YJR148W/YGR175C/YMR278W/YLR134W/YHR067W/YHR208W/YER061C/YGL001C/YGL012W/YMR015C/YPR121W/YCL039W/YFR055W/YLR228C/YGL009C/YMR070W/YNL334C",50
"144","Downregulated","GO:0071852","fungal-type cell wall organization or biogenesis","35/485","210/6447",0.166666666666667,2.21546391752577,5.10721193472188,5.23094245783608e-06,0.000122766059715967,0.00010345973429788,"YJL116C/YCR032W/YIL119C/YJR151C/YKL096W-A/YDR077W/YJR066W/YDR293C/YGR225W/YDL239C/YBL105C/YKL096W/YHR102W/YGR143W/YER075C/YKL129C/YHR079C/YBR043C/YOR009W/YLR300W/YGR023W/YOL132W/YOR010C/YLR425W/YNL194C/YER033C/YDR273W/YOR113W/YER011W/YKR019C/YJR150C/YDL049C/YCR045C/YHR139C/YNL128W",35
"145","Downregulated","GO:0009259","ribonucleotide metabolic process","21/485","95/6447",0.221052631578947,2.93840477482366,5.42839026388647,5.26536147765997e-06,0.000122766059715967,0.00010345973429788,"YJL052W/YCR012W/YLR446W/YMR271C/YJL116C/YKL152C/YOR393W/YKL060C/YBR196C/YJR009C/YPL075W/YDR050C/YAL038W/YJL005W/YHR174W/YDL021W/YOL136C/YGR240C/YOR344C/YOR347C/YMR323W",21
"146","Downregulated","GO:0006793","phosphorus metabolic process","65/485","500/6447",0.13,1.7280618556701,4.83419700787797,5.4911264467644e-06,0.000125822535306033,0.000106035545178899,"YNL141W/YJL052W/YDR089W/YCR012W/YLR446W/YOR317W/YMR271C/YGR052W/YGR256W/YOL086C/YJL116C/YGR248W/YKL152C/YKR031C/YOR393W/YKL060C/YLR231C/YBR196C/YOL055C/YJR009C/YPL075W/YOL059W/YDR050C/YDL022W/YAL038W/YGL180W/YMR315W/YNL129W/YJL005W/YJR066W/YML075C/YMR272C/YHR174W/YER037W/YGR043C/YMR207C/YNL200C/YBR117C/YNL264C/YJL164C/YDL021W/YKL035W/YKR089C/YML070W/YHR202W/YOL136C/YCR037C/YPL206C/YGR240C/YDL085W/YCR026C/YOR054C/YJR078W/YNR034W/YGL071W/YCR068W/YOR344C/YDR319C/YJR019C/YNL106C/YBR093C/YNL334C/YOR347C/YMR323W/YNL128W",65
"147","Downregulated","GO:0016054","organic acid catabolic process","20/485","88/6447",0.227272727272727,3.02108716026242,5.44442476365485,5.63544045604228e-06,0.000126940684170851,0.00010697785272487,"YGR087C/YPL095C/YKR009C/YLR044C/YMR250W/YGR019W/YLR231C/YLR142W/YGL205W/YER010C/YJR148W/YCL064C/YOR363C/YLR134W/YIL160C/YHR208W/YJR078W/YKL188C/YFR055W/YJR019C",20
"148","Downregulated","GO:0071554","cell wall organization or biogenesis","42/485","278/6447",0.151079136690647,2.00826225617444,4.90126920185756,7.96839572813634e-06,0.00017649996537822,0.000148743386925212,"YHL028W/YOR092W/YJL116C/YCR032W/YIL119C/YJR151C/YLR436C/YKL096W-A/YMR176W/YDR077W/YJR066W/YDR293C/YGR225W/YDL239C/YBL105C/YKL096W/YHR102W/YGR143W/YER075C/YKL129C/YHR079C/YBR043C/YOR009W/YLR300W/YGR023W/YOL132W/YOR010C/YLR425W/YNL194C/YER033C/YDR273W/YOR113W/YCR089W/YER011W/YKR019C/YJR150C/YDL049C/YCR045C/YHR139C/YHR021W-A/YNL128W/YBR076W",42
"149","Downregulated","GO:0006796","phosphate-containing compound metabolic process","63/485","487/6447",0.129363449691992,1.71960033023561,4.71034523224472,9.16014413898675e-06,0.000199571009192023,0.000168186253043691,"YNL141W/YJL052W/YCR012W/YLR446W/YOR317W/YMR271C/YGR052W/YGR256W/YOL086C/YJL116C/YGR248W/YKL152C/YKR031C/YOR393W/YKL060C/YLR231C/YBR196C/YOL055C/YJR009C/YPL075W/YOL059W/YDR050C/YDL022W/YAL038W/YGL180W/YMR315W/YNL129W/YJL005W/YJR066W/YML075C/YMR272C/YHR174W/YER037W/YGR043C/YMR207C/YNL200C/YBR117C/YNL264C/YJL164C/YDL021W/YKL035W/YKR089C/YML070W/YHR202W/YOL136C/YPL206C/YGR240C/YDL085W/YCR026C/YOR054C/YJR078W/YNR034W/YGL071W/YCR068W/YOR344C/YDR319C/YJR019C/YNL106C/YBR093C/YNL334C/YOR347C/YMR323W/YNL128W",63
"150","Downregulated","GO:0016051","carbohydrate biosynthetic process","20/485","92/6447",0.217391304347826,2.88973554459883,5.20663582400275,1.15196047919333e-05,0.000246928302717409,0.000208096086563956,"YJL052W/YIL045W/YIL053W/YCR012W/YOL126C/YDR074W/YKL152C/YER062C/YKL060C/YBR196C/YJR009C/YDR050C/YPR184W/YGR143W/YKL035W/YOL132W/YOL045W/YKR058W/YCL039W/YDL049C",20
"151","Downregulated","GO:0031667","response to nutrient levels","30/485","174/6447",0.172413793103448,2.29185922502666,4.92688250230875,1.26065490611919e-05,0.000265938154005143,0.000224116427754522,"YKR034W/YJR138W/YDR074W/YLR053C/YLL040C/YKL062W/YFL033C/YGL180W/YJR066W/YOR391C/YLR312C/YER037W/YBL105C/YOR173W/YLR173W/YEL062W/YOL052C-A/YGR023W/YOR062C/YNL142W/YCR026C/YPL166W/YNR002C/YJL056C/YGR121C/YIL024C/YGL071W/YLR228C/YGL209W/YBR093C",30
"152","Downregulated","GO:0044248","cellular catabolic process","22/485","109/6447",0.201834862385321,2.68294712948075,5.05391156500156,1.49651960667579e-05,0.00031076164957377,0.000261890931168264,"YGR087C/YPL095C/YKR009C/YLR044C/YMR250W/YGR019W/YLR231C/YOL055C/YLR142W/YGL205W/YER010C/YJR148W/YCL064C/YOR363C/YLR134W/YIL160C/YHR208W/YJR078W/YKL188C/YFR055W/YDR319C/YJR019C",22
"153","Downregulated","GO:0019693","ribose phosphate metabolic process","21/485","102/6447",0.205882352941176,2.7367495451789,5.04244883889985,1.69980860809155e-05,0.000347545483100565,0.000292890098625006,"YJL052W/YCR012W/YLR446W/YMR271C/YJL116C/YKL152C/YOR393W/YKL060C/YBR196C/YJR009C/YPL075W/YDR050C/YAL038W/YJL005W/YHR174W/YDL021W/YOL136C/YGR240C/YOR344C/YOR347C/YMR323W",21
"154","Downregulated","GO:0016042","lipid catabolic process","16/485","67/6447",0.238805970149254,3.17439606093245,5.1025321367149,2.53138509712569e-05,0.000509728908193945,0.000429568380118299,"YPL095C/YKR009C/YKR031C/YLL012W/YGL205W/YBR183W/YKR089C/YOR363C/YIL160C/YPL206C/YOR081C/YKL188C/YDL109C/YCR068W/YDR319C/YJR019C",16
"155","Downregulated","GO:0009063","amino acid catabolic process","14/485","57/6447",0.245614035087719,3.26489419424851,4.89840795047767,5.80917894912768e-05,0.00114511713847081,0.000965034759283155,"YGR087C/YLR044C/YOL086C/YMR250W/YGR019W/YLR231C/YLR142W/YJR148W/YCL064C/YLR134W/YHR208W/YJR078W/YFR055W/YLR098C",14
"156","Downregulated","GO:0015677","copper ion import","6/485","11/6447",0.545454545454545,7.2506091846298,5.91739696546811,5.85913960993344e-05,0.00114511713847081,0.000965034759283155,"YMR319C/YOR384W/YPR124W/YOR381W/YOL152W/YLR214W",6
"157","Downregulated","GO:0042594","response to starvation","25/485","145/6447",0.172413793103448,2.29185922502666,4.48724752348403,6.68644209100901e-05,0.00128786688970304,0.00108533552781595,"YJR138W/YDR074W/YLR053C/YLL040C/YKL062W/YFL033C/YGL180W/YJR066W/YLR312C/YER037W/YBL105C/YOR173W/YLR173W/YEL062W/YOL052C-A/YGR023W/YOR062C/YCR026C/YPL166W/YJL056C/YIL024C/YGL071W/YLR228C/YGL209W/YBR093C",25
"158","Downregulated","GO:0034308","primary alcohol metabolic process","10/485","33/6447",0.303030303030303,4.02811621368322,4.97376274230553,0.000100719318723802,0.0019122282083419,0.00161150909958084,"YGR087C/YLR044C/YOL086C/YOL055C/YGR144W/YBR240C/YML070W/YLR134W/YDL085W/YPR121W",10
"159","Downregulated","GO:0055085","transmembrane transport","59/485","484/6447",0.121900826446281,1.62040129504984,4.04746410501038,0.000104770917994559,0.00196113450725027,0.00165272434019586,"YHR094C/YOR273C/YDL210W/YMR319C/YDR406W/YLR004C/YJL212C/YDR345C/YHL028W/YGR125W/YOR092W/YHR092C/YOR348C/YOR161C/YOL126C/YCR011C/YLR237W/YPR124W/YDL022W/YLR152C/YPR115W/YJL163C/YGR191W/YIL111W/YOR306C/YIR028W/YHR096C/YJL193W/YOL075C/YGR260W/YMR088C/YKR093W/YKL197C/YNL101W/YBR235W/YNL065W/YBR043C/YHR160C/YCR037C/YEL063C/YDL138W/YMR279C/YMR155W/YGL008C/YOL130W/YER119C/YNL142W/YDR342C/YOR390W/YNR002C/YGR121C/YKL188C/YGR224W/YOR100C/YOR071C/YDR338C/YPL036W/YMR221C/YDR343C",59
"160","Downregulated","GO:0010506","regulation of autophagy","14/485","61/6447",0.229508196721311,3.05080277167484,4.58980664274856,0.000128481550410787,0.00237155528466579,0.00199860189527892,"YJR138W/YDR074W/YER169W/YCR079W/YFL033C/YOL138C/YGL180W/YJR066W/YGL215W/YGR143W/YJL164C/YLR173W/YEL062W/YNL127W",14
"161","Downregulated","GO:0031669","cellular response to nutrient levels","25/485","151/6447",0.165562913907285,2.20079197105209,4.25837519490183,0.00013182394347092,0.0023864263990892,0.00201113436191114,"YKR034W/YJR138W/YDR074W/YLR053C/YLL040C/YKL062W/YFL033C/YGL180W/YJR066W/YOR391C/YLR312C/YER037W/YBL105C/YOR173W/YLR173W/YEL062W/YOL052C-A/YGR023W/YOR062C/YCR026C/YPL166W/YJL056C/YIL024C/YGL071W/YBR093C",25
"162","Downregulated","GO:0016125","sterol metabolic process","13/485","54/6447",0.240740740740741,3.20011454753723,4.63030772192042,0.000132878520340557,0.0023864263990892,0.00201113436191114,"YLR189C/YLL012W/YML075C/YGR060W/YNR019W/YNL264C/YGR175C/YGL001C/YGL012W/YMR015C/YLR228C/YMR070W/YNL111C",13
"163","Downregulated","GO:0006995","cellular response to nitrogen starvation","12/485","48/6447",0.25,3.32319587628866,4.60755391494478,0.000163234894417857,0.00285446282475436,0.00240556686510525,"YJR138W/YDR074W/YLR053C/YKL062W/YFL033C/YGL180W/YJR066W/YLR312C/YLR173W/YEL062W/YPL166W/YIL024C",12
"164","Downregulated","GO:0043562","cellular response to nitrogen levels","12/485","48/6447",0.25,3.32319587628866,4.60755391494478,0.000163234894417857,0.00285446282475436,0.00240556686510525,"YJR138W/YDR074W/YLR053C/YKL062W/YFL033C/YGL180W/YJR066W/YLR312C/YLR173W/YEL062W/YPL166W/YIL024C",12
"165","Downregulated","GO:0009267","cellular response to starvation","23/485","136/6447",0.169117647058824,2.24804426925409,4.19537116137103,0.000175764704800552,0.00303365315168745,0.00255657752437167,"YJR138W/YDR074W/YLR053C/YLL040C/YKL062W/YFL033C/YGL180W/YJR066W/YLR312C/YER037W/YBL105C/YOR173W/YLR173W/YEL062W/YOL052C-A/YGR023W/YOR062C/YCR026C/YPL166W/YJL056C/YIL024C/YGL071W/YBR093C",23
"166","Downregulated","GO:0016126","sterol biosynthetic process","11/485","42/6447",0.261904761904762,3.48144329896907,4.60139449112717,0.000195381453058769,0.00331684784286601,0.0027952367073062,"YLR189C/YML075C/YGR060W/YNL264C/YGR175C/YGL001C/YGL012W/YMR015C/YLR228C/YMR070W/YNL111C",11
"167","Downregulated","GO:0008202","steroid metabolic process","13/485","56/6447",0.232142857142857,3.08582474226804,4.47102865788915,0.000197164017747491,0.00331684784286601,0.0027952367073062,"YLR189C/YLL012W/YML075C/YGR060W/YNR019W/YNL264C/YGR175C/YGL001C/YGL012W/YMR015C/YLR228C/YMR070W/YNL111C",13
"168","Downregulated","GO:0006694","steroid biosynthetic process","11/485","43/6447",0.255813953488372,3.40047950131863,4.50429267538736,0.000245066530476714,0.00407116773754442,0.003430931426674,"YLR189C/YML075C/YGR060W/YNL264C/YGR175C/YGL001C/YGL012W/YMR015C/YLR228C/YMR070W/YNL111C",11
"169","Downregulated","GO:0006631","fatty acid metabolic process","15/485","73/6447",0.205479452054795,2.73139387092219,4.24298318180483,0.000277501594820069,0.00455308172241817,0.00383705908887009,"YPL095C/YKR009C/YGL055W/YOR317W/YOL002C/YMR272C/YGL205W/YMR207C/YOR363C/YIL160C/YHR067W/YER061C/YKL188C/YJR019C/YOR100C",15
"170","Downregulated","GO:1902653","secondary alcohol biosynthetic process","10/485","37/6447",0.27027027027027,3.59264419058234,4.51060503595714,0.000288203200784955,0.00467100065662445,0.00393643396194085,"YAL060W/YAL061W/YML075C/YGR060W/YGR175C/YGL001C/YGL012W/YMR015C/YLR228C/YMR070W",10
"171","Downregulated","GO:0006629","lipid metabolic process","45/485","355/6447",0.126760563380282,1.68500072600552,3.78656394254994,0.000303920255291268,0.00486638577448308,0.00410109260152073,"YPL095C/YKR009C/YGL055W/YOR317W/YKR031C/YOL002C/YHR205W/YLR189C/YLL012W/YJR066W/YML075C/YMR272C/YGL205W/YGR060W/YMR207C/YNR019W/YBR183W/YGR143W/YNL264C/YPL006W/YGR175C/YKR089C/YOR363C/YIL160C/YHR067W/YPL206C/YER061C/YGL001C/YGL012W/YOR081C/YKL008C/YMR015C/YKR019C/YKL188C/YGL071W/YDL109C/YCR068W/YLR228C/YDR319C/YMR070W/YJR019C/YOR100C/YNL106C/YNL111C/YNL128W",45
"172","Downregulated","GO:0006113","fermentation","6/485","14/6447",0.428571428571429,5.69690721649485,5.0175216757514,0.000313069570748855,0.00495320785149082,0.00417426094331807,"YLR044C/YOL086C/YLR087C/YML070W/YLR134W/YDL085W",6
"173","Downregulated","GO:0006569","L-tryptophan catabolic process","5/485","10/6447",0.5,6.64639175257732,5.09623312197725,0.000432838436289216,0.00661198025090078,0.00557217297291864,"YGR087C/YLR044C/YLR231C/YLR134W/YJR078W",5
"174","Downregulated","GO:0042436","indole-containing compound catabolic process","5/485","10/6447",0.5,6.64639175257732,5.09623312197725,0.000432838436289216,0.00661198025090078,0.00557217297291864,"YGR087C/YLR044C/YLR231C/YLR134W/YJR078W",5
"175","Downregulated","GO:1902222","erythrose 4-phosphate/phosphoenolpyruvate family amino acid catabolic process","5/485","10/6447",0.5,6.64639175257732,5.09623312197725,0.000432838436289216,0.00661198025090078,0.00557217297291864,"YGR087C/YLR044C/YLR231C/YLR134W/YJR078W",5
"176","Downregulated","GO:0046942","carboxylic acid transport","15/485","76/6447",0.197368421052632,2.62357569180684,4.06065009495666,0.00043941289980512,0.00663613345273868,0.00559252781570152,"YDL210W/YOR348C/YOR317W/YJL079C/YGR191W/YJL193W/YGR260W/YNL101W/YNL065W/YBR043C/YEL062W/YEL063C/YER119C/YNR002C/YKL188C",15
"177","Downregulated","GO:0015695","organic cation transport","10/485","39/6447",0.256410256410256,3.40840602696273,4.30249913177892,0.000458800029541238,0.00685107010404838,0.00577366329310323,"YOR273C/YDL210W/YOR317W/YLR237W/YGR191W/YNL101W/YEL063C/YER119C/YOR100C/YOR071C",10
"178","Downregulated","GO:0006094","gluconeogenesis","9/485","33/6447",0.272727272727273,3.6253045923149,4.31213376470017,0.000538813238086184,0.00786904168589603,0.00663154754567611,"YJL052W/YCR012W/YOL126C/YKL152C/YKL060C/YBR196C/YJR009C/YDR050C/YCL039W",9
"179","Downregulated","GO:0019319","hexose biosynthetic process","9/485","33/6447",0.272727272727273,3.6253045923149,4.31213376470017,0.000538813238086184,0.00786904168589603,0.00663154754567611,"YJL052W/YCR012W/YOL126C/YKL152C/YKL060C/YBR196C/YJR009C/YDR050C/YCL039W",9
"180","Downregulated","GO:0015849","organic acid transport","15/485","78/6447",0.192307692307692,2.55630452022205,3.9439035887093,0.00058749329622778,0.00848672381181217,0.00715209230190341,"YDL210W/YOR348C/YOR317W/YJL079C/YGR191W/YJL193W/YGR260W/YNL101W/YNL065W/YBR043C/YEL062W/YEL063C/YER119C/YNR002C/YKL188C",15
"181","Downregulated","GO:0051156","glucose 6-phosphate metabolic process","7/485","21/6447",0.333333333333333,4.43092783505155,4.49128799415647,0.00059874563922084,0.0085562683282204,0.00721070017126173,"YLR446W/YGR256W/YGR248W/YBR196C/YGR043C/YBR117C/YNR034W",7
"182","Downregulated","GO:0046364","monosaccharide biosynthetic process","9/485","34/6447",0.264705882352941,3.51867798665858,4.19953803540858,0.000684822687656278,0.00968222714782121,0.00815958946994714,"YJL052W/YCR012W/YOL126C/YKL152C/YKL060C/YBR196C/YJR009C/YDR050C/YCL039W",9
"183","Downregulated","GO:0009894","regulation of catabolic process","25/485","168/6447",0.148809523809524,1.97809278350515,3.66361212780996,0.000708652228831167,0.00991367170649074,0.00835463680306217,"YJR138W/YDR074W/YER169W/YCR079W/YPL075W/YFL033C/YOL138C/YGL180W/YJR066W/YGL215W/YPR042C/YGR225W/YBL105C/YJR091C/YOR173W/YGR143W/YJL164C/YLR173W/YOR363C/YEL062W/YOL136C/YNL127W/YBR212W/YNL112W/YOR344C",25
"184","Downregulated","GO:0006635","fatty acid beta-oxidation","6/485","16/6447",0.375,4.98479381443299,4.55141697735526,0.000732960820267252,0.00993984622586916,0.00837669508876859,"YKR009C/YGL205W/YOR363C/YIL160C/YKL188C/YJR019C",6
"185","Downregulated","GO:0006740","NADPH regeneration","6/485","16/6447",0.375,4.98479381443299,4.55141697735526,0.000732960820267252,0.00993984622586916,0.00837669508876859,"YGR256W/YGR248W/YMR315W/YGR043C/YBR117C/YNR034W",6
"186","Downregulated","GO:0015761","mannose transmembrane transport","6/485","16/6447",0.375,4.98479381443299,4.55141697735526,0.000732960820267252,0.00993984622586916,0.00837669508876859,"YHR094C/YDR345C/YHR092C/YHR096C/YDR342C/YDR343C",6
"187","Downregulated","GO:0009083","branched-chain amino acid catabolic process","5/485","11/6447",0.454545454545455,6.04217432052484,4.77338226440436,0.000744710969780784,0.00999718059432991,0.00842501299145937,"YGR087C/YLR044C/YJR148W/YLR134W/YHR208W",5
"188","Downregulated","GO:1902652","secondary alcohol metabolic process","11/485","49/6447",0.224489795918367,2.9840942562592,3.9761087668485,0.000821788732559923,0.0109215722557214,0.00920403380467114,"YAL060W/YAL061W/YML075C/YGR060W/YNR019W/YGR175C/YGL001C/YGL012W/YMR015C/YLR228C/YMR070W",11
"189","Downregulated","GO:0140115","export across plasma membrane","6/485","17/6447",0.352941176470588,4.69157064887811,4.3466051735517,0.00106154152061999,0.0139682047614254,0.011771549535588,"YDR406W/YNL065W/YBR043C/YGL008C/YDR338C/YPL036W",6
"190","Downregulated","GO:0009081","branched-chain amino acid metabolic process","7/485","23/6447",0.304347826086957,4.04562976243837,4.17309521388965,0.00110607760313601,0.014411540534978,0.0121451658383562,"YGR087C/YLR044C/YCL018W/YJR148W/YLR134W/YHR208W/YGL009C",7
"191","Downregulated","GO:0007039","protein catabolic process in the vacuole","5/485","12/6447",0.416666666666667,5.53865979381443,4.48811536583173,0.00119824557211217,0.0153627638129267,0.012946798698629,"YOR003W/YEL060C/YMR174C/YGR023W/YOR062C",5
"192","Downregulated","GO:0006914","autophagy","31/485","233/6447",0.133047210300429,1.76856776248839,3.40796035662691,0.00120220273630126,0.0153627638129267,0.012946798698629,"YJR138W/YDR074W/YER169W/YGR049W/YCR079W/YLL040C/YFL033C/YOL138C/YGL180W/YJR066W/YLR312C/YGL215W/YBL105C/YGR143W/YIL146C/YKL129C/YML104C/YLR422W/YNL242W/YJL164C/YLR173W/YEL060C/YEL062W/YAR042W/YNL127W/YPL166W/YKR019C/YIL024C/YCR068W/YOR019W/YJL185C",31
"193","Downregulated","GO:0034655","nucleobase-containing compound catabolic process","31/485","234/6447",0.132478632478632,1.76100978059741,3.38195266180496,0.0012903856946931,0.0163325960785441,0.0137641140767264,"YJL052W/YCR012W/YLR446W/YKL152C/YOR393W/YKL060C/YBR196C/YJR009C/YPL075W/YDR050C/YAL038W/YHR174W/YER037W/YDR293C/YPR042C/YBL105C/YJR091C/YOR173W/YPL123C/YDL021W/YHR202W/YMR278W/YOL136C/YGR240C/YBR212W/YNL112W/YOR344C/YDR319C/YGR122W/YOR347C/YMR323W",31
"194","Downregulated","GO:0170035","L-amino acid catabolic process","9/485","37/6447",0.243243243243243,3.2333797715241,3.8855675149079,0.00132619908401833,0.0164721362865454,0.0138817100383227,"YGR087C/YLR044C/YMR250W/YLR231C/YLR142W/YCL064C/YLR134W/YJR078W/YFR055W",9
"195","Downregulated","GO:0170040","proteinogenic amino acid catabolic process","9/485","37/6447",0.243243243243243,3.2333797715241,3.8855675149079,0.00132619908401833,0.0164721362865454,0.0138817100383227,"YGR087C/YLR044C/YMR250W/YLR231C/YLR142W/YCL064C/YLR134W/YJR078W/YFR055W",9
"196","Downregulated","GO:0006825","copper ion transport","6/485","18/6447",0.333333333333333,4.43092783505155,4.15715442123372,0.00149235442513768,0.0181957709266787,0.0153342840014147,"YMR319C/YOR384W/YPR124W/YOR381W/YOL152W/YLR214W",6
"197","Downregulated","GO:0015755","fructose transmembrane transport","6/485","18/6447",0.333333333333333,4.43092783505155,4.15715442123372,0.00149235442513768,0.0181957709266787,0.0153342840014147,"YHR094C/YDR345C/YHR092C/YHR096C/YDR342C/YDR343C",6
"198","Downregulated","GO:0006098","pentose-phosphate shunt","5/485","13/6447",0.384615384615385,5.11260904044409,4.23319824857721,0.00182780234527847,0.0220831756079553,0.0186103511519262,"YGR256W/YGR248W/YGR043C/YBR117C/YNR034W",5
"199","Downregulated","GO:0006576","biogenic amine metabolic process","7/485","25/6447",0.28,3.7219793814433,3.88901590173247,0.00190091625540669,0.0226670565802575,0.0191024103610898,"YGR087C/YLR044C/YLR231C/YMR170C/YMR169C/YLR134W/YJR078W",7
"200","Downregulated","GO:0008204","ergosterol metabolic process","9/485","39/6447",0.230769230769231,3.06756542426646,3.6936041278808,0.00197409845274701,0.0226670565802575,0.0191024103610898,"YML075C/YGR060W/YNR019W/YGR175C/YGL001C/YGL012W/YMR015C/YLR228C/YMR070W",9
"201","Downregulated","GO:0008643","carbohydrate transport","9/485","39/6447",0.230769230769231,3.06756542426646,3.6936041278808,0.00197409845274701,0.0226670565802575,0.0191024103610898,"YHR094C/YDR345C/YHR092C/YPR026W/YPR115W/YHR096C/YDL138W/YDR342C/YDR343C",9
"202","Downregulated","GO:0016128","phytosteroid metabolic process","9/485","39/6447",0.230769230769231,3.06756542426646,3.6936041278808,0.00197409845274701,0.0226670565802575,0.0191024103610898,"YML075C/YGR060W/YNR019W/YGR175C/YGL001C/YGL012W/YMR015C/YLR228C/YMR070W",9
"203","Downregulated","GO:0009653","anatomical structure morphogenesis","27/485","200/6447",0.135,1.79452577319588,3.25542180823986,0.00197846393025573,0.0226670565802575,0.0191024103610898,"YDL223C/YER132C/YKR031C/YLL040C/YLR189C/YGR225W/YDL239C/YKL096W/YPL123C/YKR089C/YEL060C/YBR043C/YOL132W/YJL048C/YNL194C/YDR273W/YCR089W/YOR081C/YIL073C/YIL129C/YIL099W/YIL024C/YCR045C/YHR139C/YNL128W/YJR094C/YNL204C",27
"204","Downregulated","GO:0048856","anatomical structure development","27/485","200/6447",0.135,1.79452577319588,3.25542180823986,0.00197846393025573,0.0226670565802575,0.0191024103610898,"YDL223C/YER132C/YKR031C/YLL040C/YLR189C/YGR225W/YDL239C/YKL096W/YPL123C/YKR089C/YEL060C/YBR043C/YOL132W/YJL048C/YNL194C/YDR273W/YCR089W/YOR081C/YIL073C/YIL129C/YIL099W/YIL024C/YCR045C/YHR139C/YNL128W/YJR094C/YNL204C",27
"205","Downregulated","GO:0019395","fatty acid oxidation","6/485","19/6447",0.315789473684211,4.19772110689094,3.98106697563616,0.00204442092757071,0.0230257238367922,0.0194046732108407,"YKR009C/YGL205W/YOR363C/YIL160C/YKL188C/YJR019C",6
"206","Downregulated","GO:0034440","lipid oxidation","6/485","19/6447",0.315789473684211,4.19772110689094,3.98106697563616,0.00204442092757071,0.0230257238367922,0.0194046732108407,"YKR009C/YGL205W/YOR363C/YIL160C/YKL188C/YJR019C",6
"207","Downregulated","GO:0061919","process utilizing autophagic mechanism","31/485","242/6447",0.128099173553719,1.70279458123882,3.17822930966933,0.00222229766803415,0.0248187697547679,0.0209157427579685,"YJR138W/YDR074W/YER169W/YGR049W/YCR079W/YLL040C/YFL033C/YOL138C/YGL180W/YJR066W/YLR312C/YGL215W/YBL105C/YGR143W/YIL146C/YKL129C/YML104C/YLR422W/YNL242W/YJL164C/YLR173W/YEL060C/YEL062W/YAR042W/YNL127W/YPL166W/YKR019C/YIL024C/YCR068W/YOR019W/YJL185C",31
"208","Downregulated","GO:0030258","lipid modification","9/485","40/6447",0.225,2.99087628865979,3.60219270096603,0.00238134520186157,0.0263733981106169,0.022225888550708,"YKR009C/YLR189C/YGL205W/YOR363C/YIL160C/YKL188C/YJR019C/YNL106C/YNL128W",9
"209","Downregulated","GO:0009062","fatty acid catabolic process","7/485","26/6447",0.269230769230769,3.57882632831086,3.757746409631,0.00243563162605795,0.0267516895126531,0.0225446894312802,"YPL095C/YKR009C/YGL205W/YOR363C/YIL160C/YKL188C/YJR019C",7
"210","Downregulated","GO:0019674","NAD metabolic process","8/485","33/6447",0.242424242424242,3.22249297094658,3.65050478709481,0.0025021352706702,0.0270352664611439,0.0227836707573222,"YOL086C/YLR231C/YOL059W/YDL022W/YNL129W/YHR202W/YDL085W/YJR078W",8
"211","Downregulated","GO:0072329","monocarboxylic acid catabolic process","8/485","33/6447",0.242424242424242,3.22249297094658,3.65050478709481,0.0025021352706702,0.0270352664611439,0.0227836707573222,"YPL095C/YKR009C/YGL205W/YER010C/YOR363C/YIL160C/YKL188C/YJR019C",8
"212","Downregulated","GO:0006067","ethanol metabolic process","5/485","14/6447",0.357142857142857,4.74742268041237,4.00322460301938,0.00266932055335047,0.0281549763127204,0.0237272938075597,"YGR087C/YLR044C/YOL086C/YLR134W/YDL085W",5
"213","Downregulated","GO:0006071","glycerol metabolic process","5/485","14/6447",0.357142857142857,4.74742268041237,4.00322460301938,0.00266932055335047,0.0281549763127204,0.0237272938075597,"YIL053W/YER062C/YOL059W/YDR050C/YML070W",5
"214","Downregulated","GO:0009074","aromatic amino acid family catabolic process","5/485","14/6447",0.357142857142857,4.74742268041237,4.00322460301938,0.00266932055335047,0.0281549763127204,0.0237272938075597,"YGR087C/YLR044C/YLR231C/YLR134W/YJR078W",5
"215","Downregulated","GO:0007265","Ras protein signal transduction","6/485","20/6447",0.3,3.98783505154639,3.81669538494349,0.00273782288370579,0.0284263016597265,0.0239559502324256,"YIL119C/YLR178C/YJL005W/YBR140C/YJL164C/YCR038C",6
"216","Downregulated","GO:0015804","neutral amino acid transport","6/485","20/6447",0.3,3.98783505154639,3.81669538494349,0.00273782288370579,0.0284263016597265,0.0239559502324256,"YOR348C/YNL101W/YNL065W/YBR043C/YEL062W/YER119C",6
"217","Downregulated","GO:0043934","sporulation","24/485","177/6447",0.135593220338983,1.80241132273283,3.08723681945846,0.0032585061406569,0.0334595752987849,0.0281976857296005,"YER132C/YKR031C/YLL040C/YLR189C/YGR225W/YDL239C/YKL096W/YER075C/YKR089C/YEL060C/YBR043C/YOL132W/YJL048C/YNL194C/YDR273W/YOR081C/YIL073C/YIL099W/YIL024C/YCR045C/YHR139C/YNL128W/YJR094C/YNL204C",24
"218","Downregulated","GO:0009628","response to abiotic stimulus","25/485","187/6447",0.133689839572193,1.77711009427201,3.07564510265067,0.00327294566504292,0.0334595752987849,0.0281976857296005,"YHL028W/YOR047C/YIL053W/YOR386W/YCR032W/YER062C/YNL074C/YKL062W/YHR205W/YFL033C/YDL022W/YJR066W/YPL230W/YHR104W/YOL051W/YER075C/YKL129C/YOR030W/YOL052C-A/YOR010C/YNL271C/YER028C/YDR419W/YMR070W/YMR175W",25
"219","Downregulated","GO:0030435","sporulation resulting in formation of a cellular spore","23/485","168/6447",0.136904761904762,1.81984536082474,3.0708696122697,0.00348001589414869,0.0350374327524516,0.0295274075867161,"YER132C/YKR031C/YLL040C/YLR189C/YGR225W/YDL239C/YKL096W/YKR089C/YEL060C/YBR043C/YOL132W/YJL048C/YNL194C/YDR273W/YOR081C/YIL073C/YIL099W/YIL024C/YCR045C/YHR139C/YNL128W/YJR094C/YNL204C",23
"220","Downregulated","GO:0048646","anatomical structure formation involved in morphogenesis","23/485","168/6447",0.136904761904762,1.81984536082474,3.0708696122697,0.00348001589414869,0.0350374327524516,0.0295274075867161,"YER132C/YKR031C/YLL040C/YLR189C/YGR225W/YDL239C/YKL096W/YKR089C/YEL060C/YBR043C/YOL132W/YJL048C/YNL194C/YDR273W/YOR081C/YIL073C/YIL099W/YIL024C/YCR045C/YHR139C/YNL128W/YJR094C/YNL204C",23
"221","Downregulated","GO:0006696","ergosterol biosynthetic process","8/485","35/6447",0.228571428571429,3.03835051546392,3.44854713946733,0.00371307793976898,0.0368259744921864,0.0310346812876214,"YML075C/YGR060W/YGR175C/YGL001C/YGL012W/YMR015C/YLR228C/YMR070W",8
"222","Downregulated","GO:0016129","phytosteroid biosynthetic process","8/485","35/6447",0.228571428571429,3.03835051546392,3.44854713946733,0.00371307793976898,0.0368259744921864,0.0310346812876214,"YML075C/YGR060W/YGR175C/YGL001C/YGL012W/YMR015C/YLR228C/YMR070W",8
"223","Downregulated","GO:0006865","amino acid transport","11/485","59/6447",0.186440677966102,2.47831556875764,3.25334961781456,0.00398353451867053,0.0392156842615788,0.0330485826734148,"YDL210W/YGR125W/YOR348C/YGR191W/YMR088C/YNL101W/YNL065W/YBR043C/YEL062W/YEL063C/YER119C",11
"224","Downregulated","GO:0006869","lipid transport","14/485","85/6447",0.164705882352941,2.18939963614312,3.14818659834083,0.00408485687634859,0.0396260933479363,0.0333944503759885,"YOR317W/YJL079C/YLL040C/YHR080C/YLR087C/YCR091W/YNL264C/YNL242W/YPL006W/YAR042W/YJR150C/YKL188C/YLR228C/YCR094W",14
"225","Downregulated","GO:0010876","lipid localization","14/485","85/6447",0.164705882352941,2.18939963614312,3.14818659834083,0.00408485687634859,0.0396260933479363,0.0333944503759885,"YOR317W/YJL079C/YLL040C/YHR080C/YLR087C/YCR091W/YNL264C/YNL242W/YPL006W/YAR042W/YJR150C/YKL188C/YLR228C/YCR094W",14
"226","Downregulated","GO:0010927","cellular component assembly involved in morphogenesis","12/485","68/6447",0.176470588235294,2.34578532443905,3.18180805828928,0.00429845798310006,0.0410982061837409,0.0346350571300149,"YKR031C/YLL040C/YLR189C/YGR225W/YDL239C/YKL096W/YBR043C/YOL132W/YDR273W/YCR045C/YHR139C/YNL128W",12
"227","Downregulated","GO:0032989","cellular anatomical entity morphogenesis","12/485","68/6447",0.176470588235294,2.34578532443905,3.18180805828928,0.00429845798310006,0.0410982061837409,0.0346350571300149,"YKR031C/YLL040C/YLR189C/YGR225W/YDL239C/YKL096W/YBR043C/YOL132W/YDR273W/YCR045C/YHR139C/YNL128W",12
"228","Downregulated","GO:0009896","positive regulation of catabolic process","16/485","104/6447",0.153846153846154,2.04504361617764,3.06424696506665,0.00447070681603975,0.0424397811322631,0.035765654528318,"YJR138W/YDR074W/YFL033C/YOL138C/YGL215W/YPR042C/YGR225W/YBL105C/YJR091C/YOR173W/YOR363C/YEL062W/YNL127W/YBR212W/YNL112W/YOR344C",16
"229","Downregulated","GO:0000947","amino acid catabolic process to alcohol via Ehrlich pathway","4/485","10/6447",0.4,5.31711340206186,3.89647358436954,0.00460648396245393,0.0434185616035551,0.0365905109074354,"YGR087C/YLR044C/YOL086C/YLR134W",4
"230","Downregulated","GO:1901606","alpha-amino acid catabolic process","9/485","44/6447",0.204545454545455,2.71897844423618,3.26305994426447,0.00471910446033981,0.0438061407680433,0.0369171389467333,"YGR087C/YLR044C/YMR250W/YLR231C/YLR142W/YCL064C/YLR134W/YJR078W/YFR055W",9
"231","Downregulated","GO:1905039","carboxylic acid transmembrane transport","9/485","44/6447",0.204545454545455,2.71897844423618,3.26305994426447,0.00471910446033981,0.0438061407680433,0.0369171389467333,"YOR348C/YGR191W/YJL193W/YGR260W/YNL101W/YEL063C/YER119C/YNR002C/YKL188C",9
"232","Downregulated","GO:0009308","amine metabolic process","7/485","29/6447",0.241379310344828,3.20860291503733,3.39967042868221,0.00474648929315142,0.0438061407680433,0.0369171389467333,"YGR087C/YLR044C/YLR231C/YMR170C/YMR169C/YLR134W/YJR078W",7
"233","Downregulated","GO:0019725","cellular homeostasis","30/485","245/6447",0.122448979591837,1.62768777614138,2.85680677001641,0.0051059449510934,0.0461132258961004,0.0388614093330567,"YDR089W/YKR034W/YLR446W/YOR384W/YMR304W/YER132C/YOL002C/YDL022W/YJL084C/YOR381W/YOL152W/YPL222W/YLR214W/YBR235W/YBR043C/YKR021W/YDL138W/YGR240C/YGL008C/YOL130W/YNL142W/YKL168C/YOR054C/YNR002C/YGR121C/YGL071W/YJR033C/YPL036W/YOR267C/YOL101C",30
"234","Downregulated","GO:0006568","L-tryptophan metabolic process","5/485","16/6447",0.3125,4.15399484536082,3.60248142166645,0.00513525766186821,0.0461132258961004,0.0388614093330567,"YGR087C/YLR044C/YLR231C/YLR134W/YJR078W",5
"235","Downregulated","GO:0006586","indolalkylamine metabolic process","5/485","16/6447",0.3125,4.15399484536082,3.60248142166645,0.00513525766186821,0.0461132258961004,0.0388614093330567,"YGR087C/YLR044C/YLR231C/YLR134W/YJR078W",5
"236","Downregulated","GO:0042430","indole-containing compound metabolic process","5/485","16/6447",0.3125,4.15399484536082,3.60248142166645,0.00513525766186821,0.0461132258961004,0.0388614093330567,"YGR087C/YLR044C/YLR231C/YLR134W/YJR078W",5
